Index,Trace_Name,station_code,event_time,Subset,True_Time_s,Coarse_Pred_s,Final_Pred_s,Coarse_Error_s,Final_Error_s,Coarse_Abs_Error_s,Final_Abs_Error_s,station_lon,station_lat,event_lon,event_lat,Mw,depth_km,epicentral_distance_km,basin
0,acNGN0020703250942,NGN002,2007-03-25 09:42:00,training,35.32300049,35.7831543,36.46258301,0.460153809,1.13958252,0.460153809,1.13958252,138.21,36.81,136.69,37.22,6.9,11,142.45,Niigata Basin
1,acNIG0100703250942,NIG010,2007-03-25 09:42:00,training,29.73899902,32.22555176,30.23922119,2.486552734,0.500222168,2.486552734,0.500222168,139.01,37.91,136.69,37.22,6.9,11,218.4,Niigata Basin
2,acNIG0140703250942,NIG014,2007-03-25 09:42:00,training,68.07799805,62.80367676,66.22648926,-5.274321289,-1.851508789,5.274321289,1.851508789,138.96,37.64,136.69,37.22,6.9,11,205.8,Niigata Basin
3,acNIG0190703250942,NIG019,2007-03-25 09:42:00,holdout_evaluation,49.50899902,52.89748535,53.04941162,3.388486328,3.540412598,3.388486328,3.540412598,138.81,37.3,136.69,37.22,6.9,11,187.83,Niigata Basin
4,acNIG0210703250942,NIG021,2007-03-25 09:42:00,holdout_evaluation,44.95100098,57.58275879,55.47000244,12.63175781,10.51900146,12.63175781,10.51900146,138.78,37.2,136.69,37.22,6.9,11,185.1,Niigata Basin
5,acNIG0230703250942,NIG023,2007-03-25 09:42:00,training,43.57,42.60046875,43.44501953,-0.96953125,-0.124980469,0.96953125,0.124980469,138.65,37.01,136.69,37.22,6.9,11,175.35,Niigata Basin
6,acNIG0170703251811,NIG017,2007-03-25 18:11:00,training,17.555,18.52008789,17.92561035,0.965087891,0.370610352,0.965087891,0.370610352,138.84,37.44,136.84,37.3,5.3,13,177.42,Niigata Basin
7,acNIG0190703251811,NIG019,2007-03-25 18:11:00,training,19.51099976,26.02804443,29.95201904,6.517044678,10.44101929,6.517044678,10.44101929,138.81,37.3,136.84,37.3,5.3,13,174.25,Niigata Basin
8,acNIG0210703251811,NIG021,2007-03-25 18:11:00,training,20.57699951,18.75992676,22.5376416,-1.817072754,1.96064209,1.817072754,1.96064209,138.78,37.2,136.84,37.3,5.3,13,172.07,Niigata Basin
9,acNIG0280703251811,NIG028,2007-03-25 18:11:00,training,18.86099976,23.07187988,18.8962146,4.210880127,0.035214844,4.210880127,0.035214844,138.89,37.43,136.84,37.3,5.3,13,181.74,Niigata Basin
10,acNIG0141202082101,NIG014,2012-02-08 21:01:00,training,35.69100098,34.83547852,35.63927246,-0.855522461,-0.051728516,0.855522461,0.051728516,138.96,37.64,138.17,37.87,5.7,14,74.01,Niigata Basin
11,acNIG0171202082101,NIG017,2012-02-08 21:01:00,training,26.245,26.87447021,32.97919922,0.629470215,6.734199219,0.629470215,6.734199219,138.84,37.44,138.17,37.87,5.7,14,75.93,Niigata Basin
12,acNIG0211202082101,NIG021,2012-02-08 21:01:00,training,20.61800049,23.0875293,24.78163818,2.469528809,4.163637695,2.469528809,4.163637695,138.78,37.2,138.17,37.87,5.7,14,91.89,Niigata Basin
13,acNIG0231202082101,NIG023,2012-02-08 21:01:00,training,22.03199951,22.22576172,21.20002197,0.193762207,-0.831977539,0.193762207,0.831977539,138.65,37.01,138.17,37.87,5.7,14,104.6,Niigata Basin
14,acNIG0261202082101,NIG026,2012-02-08 21:01:00,holdout_evaluation,25.60699951,21.58003906,26.90149902,-4.026960449,1.294499512,4.026960449,1.294499512,138.25,37.02,138.17,37.87,5.7,14,94.78,Niigata Basin
15,acNIG0281202082101,NIG028,2012-02-08 21:01:00,holdout_evaluation,35.98800049,36.83661865,37.55286133,0.848618164,1.56486084,0.848618164,1.56486084,138.89,37.43,138.17,37.87,5.7,14,80.07,Niigata Basin
16,acNIG0132003130218,NIG013,2020-03-13 02:18:00,training,25.67,24.11259277,24.2363855,-1.557407227,-1.433614502,1.557407227,1.433614502,138.88,37.76,136.82,37.28,5.5,12,189.35,Niigata Basin
17,acNIG0172003130218,NIG017,2020-03-13 02:18:00,training,28.91,28.45974121,30.68208252,-0.450258789,1.77208252,0.450258789,1.77208252,138.84,37.44,136.82,37.28,5.5,12,179.41,Niigata Basin
18,acNGN0012109161842,NGN001,2021-09-16 18:42:00,holdout_evaluation,19.97400024,22.59304688,23.63647705,2.619046631,3.662476807,2.619046631,3.662476807,138.37,36.85,137.3,37.51,5.1,13,119.88,Niigata Basin
19,acNGN0062109161842,NGN006,2021-09-16 18:42:00,training,13.73900024,14.89953613,16.07915283,1.160535889,2.340152588,1.160535889,2.340152588,137.85,36.51,137.3,37.51,5.1,13,121.45,Niigata Basin
20,acNIG0172109161842,NIG017,2021-09-16 18:42:00,holdout_evaluation,23.375,28.62822754,29.88605957,5.253227539,6.51105957,5.253227539,6.51105957,138.84,37.44,137.3,37.51,5.1,13,136.12,Niigata Basin
21,acNIG0282109161842,NIG028,2021-09-16 18:42:00,training,18.41400024,21.70024902,19.41580688,3.286248779,1.001806641,3.286248779,1.001806641,138.89,37.43,137.3,37.51,5.1,13,140.6,Niigata Basin
22,acNIG0102206191508,NIG010,2022-06-19 15:08:00,training,31.59899902,31.75276855,32.95070801,0.153769531,1.351708984,0.153769531,1.351708984,139.01,37.91,137.28,37.52,5.4,13,158.23,Niigata Basin
23,acNIG0112206191508,NIG011,2022-06-19 15:08:00,holdout_evaluation,34.88399902,32.43239746,31.97033081,-2.451601562,-2.913668213,2.451601562,2.913668213,139.15,37.8,137.28,37.52,5.4,13,167.53,Niigata Basin
24,acNIG0172206191508,NIG017,2022-06-19 15:08:00,training,21.28800049,20.68192139,24.72472656,-0.606079102,3.436726074,0.606079102,3.436726074,138.84,37.44,137.28,37.52,5.4,13,137.94,Niigata Basin
25,acNIG0192206191508,NIG019,2022-06-19 15:08:00,training,37.35199951,33.78788574,36.61567627,-3.56411377,-0.736323242,3.56411377,0.736323242,138.81,37.3,137.28,37.52,5.4,13,137.33,Niigata Basin
26,acNIG0212206191508,NIG021,2022-06-19 15:08:00,holdout_evaluation,37.11899902,38.82180176,44.84508057,1.702802734,7.726081543,1.702802734,7.726081543,138.78,37.2,137.28,37.52,5.4,13,137.26,Niigata Basin
27,acNIG0232206191508,NIG023,2022-06-19 15:08:00,holdout_evaluation,22.08800049,18.94793091,23.00809082,-3.14006958,0.920090332,3.14006958,0.920090332,138.65,37.01,137.28,37.52,5.4,13,133.84,Niigata Basin
28,acNIG0262206191508,NIG026,2022-06-19 15:08:00,training,25.73800049,29.05120117,25.6318396,3.313200684,-0.106160889,3.313200684,0.106160889,138.25,37.02,137.28,37.52,5.4,13,102.27,Niigata Basin
29,acNIG0282206191508,NIG028,2022-06-19 15:08:00,holdout_evaluation,24.31100098,36.0109375,27.24656738,11.69993652,2.935566406,11.69993652,2.935566406,138.89,37.43,137.28,37.52,5.4,13,142.43,Niigata Basin
30,acNGN0012206201031,NGN001,2022-06-20 10:31:00,holdout_evaluation,18.62199951,23.2382959,26.1545459,4.616296387,7.532546387,4.616296387,7.532546387,138.37,36.85,137.32,37.52,5.0,14,119.17,Niigata Basin
31,acNIG0132206201031,NIG013,2022-06-20 10:31:00,holdout_evaluation,20.31099976,29.76053223,32.90248535,9.449532471,12.5914856,9.449532471,12.5914856,138.88,37.76,137.32,37.52,5.0,14,139.93,Niigata Basin
32,acNIG0172206201031,NIG017,2022-06-20 10:31:00,holdout_evaluation,28.84399902,18.89130127,19.64494141,-9.952697754,-9.199057617,9.952697754,9.199057617,138.84,37.44,137.32,37.52,5.0,14,134.42,Niigata Basin
33,acNIG0192206201031,NIG019,2022-06-20 10:31:00,training,21.53399902,22.33687012,24.87249512,0.802871094,3.338496094,0.802871094,3.338496094,138.81,37.3,137.32,37.52,5.0,14,133.85,Niigata Basin
34,acNIG0242206201031,NIG024,2022-06-20 10:31:00,training,16.82300049,19.02829834,22.94184082,2.205297852,6.118840332,2.205297852,6.118840332,138.44,37.13,137.32,37.52,5.0,14,108.11,Niigata Basin
35,acNIG0282206201031,NIG028,2022-06-20 10:31:00,holdout_evaluation,27.99300049,22.84126709,23.92789551,-5.151733398,-4.06510498,5.151733398,4.06510498,138.89,37.43,137.32,37.52,5.0,14,138.91,Niigata Basin
36,acNGN0012305052158,NGN001,2023-05-05 21:58:00,training,39.54399902,35.6282666,37.34922852,-3.915732422,-2.194770508,3.915732422,2.194770508,138.37,36.85,137.24,37.52,5.9,14,124.78,Niigata Basin
37,acNGN0042305052158,NGN004,2023-05-05 21:58:00,training,26.17199951,27.10216309,25.95356567,0.930163574,-0.218433838,0.930163574,0.218433838,138.19,36.65,137.24,37.52,5.9,14,128.29,Niigata Basin
38,acNIG0092305052158,NIG009,2023-05-05 21:58:00,training,30.00699951,25.19074707,29.70859131,-4.816252441,-0.298408203,4.816252441,0.298408203,139.34,37.95,137.24,37.52,5.9,14,190.76,Niigata Basin
39,acNIG0112305052158,NIG011,2023-05-05 21:58:00,holdout_evaluation,39.85800049,55.70753906,47.50528076,15.84953857,7.647280273,15.84953857,7.647280273,139.15,37.8,137.24,37.52,5.9,14,170.99,Niigata Basin
40,acNIG0142305052158,NIG014,2023-05-05 21:58:00,training,44.53899902,44.58034668,45.71962402,0.041347656,1.180625,0.041347656,1.180625,138.96,37.64,137.24,37.52,5.9,14,152.15,Niigata Basin
41,acNIG0172305052158,NIG017,2023-05-05 21:58:00,training,38.52600098,33.07038574,35.77813477,-5.455615234,-2.747866211,5.455615234,2.747866211,138.84,37.44,137.24,37.52,5.9,14,141.46,Niigata Basin
42,acNGN0012401011606,NGN001,2024-01-01 16:06:00,training,22.17699951,19.30490479,22.37104736,-2.872094727,0.194047852,2.872094727,0.194047852,138.37,36.85,137.25,37.51,5.5,12,123.41,Niigata Basin
43,acNGN0042401011606,NGN004,2024-01-01 16:06:00,training,11.77800049,10.37312744,12.113479,-1.404873047,0.335478516,1.404873047,0.335478516,138.19,36.65,137.25,37.51,5.5,12,126.88,Niigata Basin
44,acNIG0142401011606,NIG014,2024-01-01 16:06:00,holdout_evaluation,23.085,27.56658447,25.05187012,4.481584473,1.966870117,4.481584473,1.966870117,138.96,37.64,137.25,37.51,5.5,12,151.39,Niigata Basin
45,acNIG0192401011606,NIG019,2024-01-01 16:06:00,training,35.88100098,35.97640869,36.10725586,0.095407715,0.226254883,0.095407715,0.226254883,138.81,37.3,137.25,37.51,5.5,12,139.76,Niigata Basin
46,acNIG0232401011606,NIG023,2024-01-01 16:06:00,training,23.77699951,22.8621167,23.57048828,-0.914882813,-0.20651123,0.914882813,0.20651123,138.65,37.01,137.25,37.51,5.5,12,135.8,Niigata Basin
47,acNIG0282401011606,NIG028,2024-01-01 16:06:00,holdout_evaluation,27.76199951,23.10461426,25.74556641,-4.657385254,-2.016433105,4.657385254,2.016433105,138.89,37.43,137.25,37.51,5.5,12,145.01,Niigata Basin
48,acNIG0092401011610,NIG009,2024-01-01 16:10:00,holdout_evaluation,60.5,53.19585938,53.12134888,-7.304140625,-7.378651123,7.304140625,7.378651123,139.34,37.95,137.27,37.49,7.6,16,189.11,Niigata Basin
49,acNIG0102401011610,NIG010,2024-01-01 16:10:00,training,57.51100098,55.12241211,54.62533813,-2.388588867,-2.885662842,2.388588867,2.885662842,139.01,37.91,137.27,37.49,7.6,16,160.05,Niigata Basin
50,acNIG0112401011610,NIG011,2024-01-01 16:10:00,training,69.69100098,62.86504883,66.36939453,-6.825952148,-3.321606445,6.825952148,3.321606445,139.15,37.8,137.27,37.49,7.6,16,169.07,Niigata Basin
51,acNIG0142401011610,NIG014,2024-01-01 16:10:00,holdout_evaluation,72.89799805,70.76833008,66.61256592,-2.129667969,-6.285432129,2.129667969,6.285432129,138.96,37.64,137.27,37.49,7.6,16,149.89,Niigata Basin
52,acNIG0162401011610,NIG016,2024-01-01 16:10:00,training,66.99899902,61.57741211,68.78026855,-5.421586914,1.781269531,5.421586914,1.781269531,138.77,37.65,137.27,37.49,7.6,16,133.39,Niigata Basin
53,acNIG0182401011610,NIG018,2024-01-01 16:10:00,training,53.22700195,52.94175781,54.12548828,-0.285244141,0.898486328,0.285244141,0.898486328,138.56,37.37,137.27,37.49,7.6,16,114.68,Niigata Basin
54,acNIG0242401011610,NIG024,2024-01-01 16:10:00,training,60.285,61.10296875,57.81396973,0.81796875,-2.471030273,0.81796875,2.471030273,138.44,37.13,137.27,37.49,7.6,16,110.95,Niigata Basin
55,acNIGH172401011610,NIGH17,2024-01-01 16:10:00,training,159.677998,159.4862305,159.567616,-0.191767578,-0.11038208,0.191767578,0.11038208,138.1,36.86,137.27,37.49,7.6,16,101.56,Niigata Basin
56,acNIG0172401011639,NIG017,2024-01-01 16:39:00,training,23.05300049,22.00834473,23.25009033,-1.044655762,0.197089844,1.044655762,0.197089844,138.84,37.44,137.44,37.55,5.2,13,124.11,Niigata Basin
57,acNIG0192401011639,NIG019,2024-01-01 16:39:00,training,37.24399902,36.51763672,36.28875366,-0.726362305,-0.955245361,0.726362305,0.955245361,138.81,37.3,137.44,37.55,5.2,13,124.13,Niigata Basin
58,acNIG0212401011639,NIG021,2024-01-01 16:39:00,holdout_evaluation,25.02600098,20.99083984,23.1598291,-4.035161133,-1.866171875,4.035161133,1.866171875,138.78,37.2,137.44,37.55,5.2,13,124.64,Niigata Basin
59,acNIG0282401011639,NIG028,2024-01-01 16:39:00,training,22.34699951,21.93106445,28.73892578,-0.415935059,6.39192627,0.415935059,6.39192627,138.89,37.43,137.44,37.55,5.2,13,128.62,Niigata Basin
60,acNGN0042401011656,NGN004,2024-01-01 16:56:00,training,21.09600098,16.68412109,16.47251831,-4.411879883,-4.623482666,4.411879883,4.623482666,138.19,36.65,136.86,37.26,5.8,14,136.26,Niigata Basin
61,acNGNH282401011656,NGNH28,2024-01-01 16:56:00,training,20.90399902,21.7734082,20.94561157,0.86940918,0.041612549,0.86940918,0.041612549,138.1,36.71,136.86,37.26,5.8,14,125.98,Niigata Basin
62,acNIG0132401011656,NIG013,2024-01-01 16:56:00,training,11.42599976,13.23555542,16.00775635,1.809555664,4.581756592,1.809555664,4.581756592,138.88,37.76,136.86,37.26,5.8,14,186.64,Niigata Basin
63,acNIG0142401011656,NIG014,2024-01-01 16:56:00,training,19.79900024,21.41512695,22.76885742,1.616126709,2.969857178,1.616126709,2.969857178,138.96,37.64,136.86,37.26,5.8,14,190.13,Niigata Basin
64,acNIG0192401011656,NIG019,2024-01-01 16:56:00,training,27.875,26.95329346,29.60982178,-0.921706543,1.734821777,0.921706543,1.734821777,138.81,37.3,136.86,37.26,5.8,14,172.58,Niigata Basin
65,acNIG0212401011656,NIG021,2024-01-01 16:56:00,training,27.955,26.14287109,29.060625,-1.812128906,1.105625,1.812128906,1.105625,138.78,37.2,136.86,37.26,5.8,14,170.11,Niigata Basin
66,acNIG0232401011656,NIG023,2024-01-01 16:56:00,training,16.57699951,16.48796143,19.93178711,-0.089038086,3.354787598,0.089038086,3.354787598,138.65,37.01,136.86,37.26,5.8,14,161.09,Niigata Basin
67,acNIG0282401011656,NIG028,2024-01-01 16:56:00,training,21.65800049,22.97400391,23.39843994,1.316003418,1.740439453,1.316003418,1.740439453,138.89,37.43,136.86,37.26,5.8,14,180.44,Niigata Basin
68,acNGN0052401011803,NGN005,2024-01-01 18:03:00,training,17.73300049,17.05008789,20.65212891,-0.682912598,2.919128418,0.682912598,2.919128418,137.86,36.7,137.41,37.59,5.5,14,106.7,Niigata Basin
69,acNIG0152401011803,NIG015,2024-01-01 18:03:00,training,21.91100098,22.36635498,22.52863281,0.455354004,0.617631836,0.455354004,0.617631836,139.19,37.69,137.41,37.59,5.5,14,157.12,Niigata Basin
70,acNIG0172401011803,NIG017,2024-01-01 18:03:00,training,34.955,31.78045898,35.45845459,-3.174541016,0.50345459,3.174541016,0.50345459,138.84,37.44,137.41,37.59,5.5,14,127.22,Niigata Basin
71,acNIG0192401011803,NIG019,2024-01-01 18:03:00,training,38.81199951,38.51820313,38.30293701,-0.293796387,-0.5090625,0.293796387,0.5090625,138.81,37.3,137.41,37.59,5.5,14,127.73,Niigata Basin
72,acNIG0282401011803,NIG028,2024-01-01 18:03:00,training,32.73199951,24.9724585,26.22552979,-7.759541016,-6.506469727,7.759541016,6.506469727,138.89,37.43,137.41,37.59,5.5,14,131.75,Niigata Basin
73,acNIGH132401011803,NIGH13,2024-01-01 18:03:00,holdout_evaluation,26.59800049,23.97078125,24.94062256,-2.627219238,-1.65737793,2.627219238,1.65737793,138.4,37.05,137.41,37.59,5.5,14,106.16,Niigata Basin
74,acNGN0042401011808,NGN004,2024-01-01 18:08:00,training,10.65699951,8.114636841,10.70517578,-2.542362671,0.04817627,2.542362671,0.04817627,138.19,36.65,137.38,37.58,5.8,14,125.9,Niigata Basin
75,acNGN0062401011808,NGN006,2024-01-01 18:08:00,training,27.355,25.85980957,27.83223877,-1.49519043,0.47723877,1.49519043,0.47723877,137.85,36.51,137.38,37.58,5.8,14,126.08,Niigata Basin
76,acNGNH272401011808,NGNH27,2024-01-01 18:08:00,training,28.87300049,27.83740479,28.51458984,-1.035595703,-0.358410645,1.035595703,0.358410645,138.05,36.58,137.38,37.58,5.8,14,126.08,Niigata Basin
77,acNIG0102401011808,NIG010,2024-01-01 18:08:00,training,31.06600098,31.69564941,32.48129883,0.629648438,1.415297852,0.629648438,1.415297852,139.01,37.91,137.38,37.58,5.8,14,147.94,Niigata Basin
78,acNIG0142401011808,NIG014,2024-01-01 18:08:00,holdout_evaluation,50.99100098,55.01757324,50.19633789,4.026572266,-0.794663086,4.026572266,0.794663086,138.96,37.64,137.38,37.58,5.8,14,139.34,Niigata Basin
79,acNIG0172401011808,NIG017,2024-01-01 18:08:00,holdout_evaluation,38.95,34.2644458,39.08342285,-4.685554199,0.133422852,4.685554199,0.133422852,138.84,37.44,137.38,37.58,5.8,14,129.72,Niigata Basin
80,acNIG0232401011808,NIG023,2024-01-01 18:08:00,training,26.77600098,24.99518555,26.57286377,-1.78081543,-0.203137207,1.78081543,0.203137207,138.65,37.01,137.38,37.58,5.8,14,128.99,Niigata Basin
81,acNIGH172401011808,NIGH17,2024-01-01 18:08:00,training,35.18,31.08912109,35.57685547,-4.090878906,0.396855469,4.090878906,0.396855469,138.1,36.86,137.38,37.58,5.8,14,102.34,Niigata Basin
82,acNIG0172401021017,NIG017,2024-01-02 10:17:00,training,34.495,30.70458984,30.14648926,-3.790410156,-4.348510742,3.790410156,4.348510742,138.84,37.44,136.72,37.22,5.6,10,189.03,Niigata Basin
83,acNIG0192401021017,NIG019,2024-01-02 10:17:00,training,26.685,29.82629395,28.59463867,3.141293945,1.909638672,3.141293945,1.909638672,138.81,37.3,136.72,37.22,5.6,10,185.17,Niigata Basin
84,acNGN0042401031054,NGN004,2024-01-03 10:54:00,holdout_evaluation,34.06300049,21.79924561,24.3907251,-12.26375488,-9.672275391,12.26375488,9.672275391,138.19,36.65,136.87,37.37,5.6,13,141.94,Niigata Basin
85,acNIG0112401031054,NIG011,2024-01-03 10:54:00,training,28.39899902,27.87854004,28.79087402,-0.520458984,0.391875,0.520458984,0.391875,139.15,37.8,136.87,37.37,5.6,13,206.51,Niigata Basin
86,acNIG0142401031054,NIG014,2024-01-03 10:54:00,training,23.77699951,24.33087402,23.94864502,0.553874512,0.171645508,0.553874512,0.171645508,138.96,37.64,136.87,37.37,5.6,13,186.79,Niigata Basin
87,acNIG0162401031054,NIG016,2024-01-03 10:54:00,training,21.37699951,23.13481445,24.11817383,1.757814941,2.741174316,1.757814941,2.741174316,138.77,37.65,136.87,37.37,5.6,13,170.45,Niigata Basin
88,acNIG0172401031054,NIG017,2024-01-03 10:54:00,holdout_evaluation,20.66600098,29.05022461,25.15867065,8.384223633,4.492669678,8.384223633,4.492669678,138.84,37.44,136.87,37.37,5.6,13,174.18,Niigata Basin
89,acNIG0192401031054,NIG019,2024-01-03 10:54:00,holdout_evaluation,24.46100098,25.78560059,25.92838745,1.324599609,1.467386475,1.324599609,1.467386475,138.81,37.3,136.87,37.37,5.6,13,171.69,Niigata Basin
90,acNIG0212401031054,NIG021,2024-01-03 10:54:00,training,21.28800049,21.78385498,26.63804443,0.495854492,5.350043945,0.495854492,5.350043945,138.78,37.2,136.87,37.37,5.6,13,170.03,Niigata Basin
91,acNIG0242401031054,NIG024,2024-01-03 10:54:00,training,16.66599976,18.9400708,20.10233887,2.274071045,3.436339111,2.274071045,3.436339111,138.44,37.13,136.87,37.37,5.6,13,141.5,Niigata Basin
92,acNIG0262401031054,NIG026,2024-01-03 10:54:00,training,14.84,15.53533569,13.94435303,0.695335693,-0.895646973,0.695335693,0.895646973,138.25,37.02,136.87,37.37,5.6,13,128.28,Niigata Basin
93,acNIG0282401031054,NIG028,2024-01-03 10:54:00,training,18.17699951,19.01637817,21.67411377,0.839378662,3.497114258,0.839378662,3.497114258,138.89,37.43,136.87,37.37,5.6,13,178.56,Niigata Basin
94,acNIGH182401031054,NIGH18,2024-01-03 10:54:00,training,45.455,41.82533203,46.66712402,-3.629667969,1.212124023,3.629667969,1.212124023,138.26,36.94,136.87,37.37,5.6,13,132.14,Niigata Basin
95,acNGN0012401031254,NGN001,2024-01-03 12:54:00,holdout_evaluation,20.16300049,15.91883057,23.41362305,-4.244169922,3.250622559,4.244169922,3.250622559,138.37,36.85,137.61,37.65,5.0,23,111.53,Niigata Basin
96,acNIG0152401031254,NIG015,2024-01-03 12:54:00,training,25.23699951,24.53719727,25.63972656,-0.699802246,0.402727051,0.699802246,0.402727051,139.19,37.69,137.61,37.65,5.0,23,139.13,Niigata Basin
97,acNIG0192401031254,NIG019,2024-01-03 12:54:00,training,18.91699951,20.55701172,20.73570435,1.640012207,1.818704834,1.640012207,1.818704834,138.81,37.3,137.61,37.65,5.0,23,112.82,Niigata Basin
98,acNIG0242401031254,NIG024,2024-01-03 12:54:00,training,20.34099976,20.09597534,21.58038818,-0.245024414,1.239388428,0.245024414,1.239388428,138.44,37.13,137.61,37.65,5.0,23,93.38,Niigata Basin
99,acNIG0282401031254,NIG028,2024-01-03 12:54:00,holdout_evaluation,29.18800049,24.9442041,24.13454346,-4.243796387,-5.053457031,4.243796387,5.053457031,138.89,37.43,137.61,37.65,5.0,23,115.48,Niigata Basin
100,acNGN0012402070608,NGN001,2024-02-07 06:08:00,training,18.26599976,15.30061646,17.70432617,-2.965383301,-0.561673584,2.965383301,0.561673584,138.37,36.85,137.58,37.73,5.2,20,120.24,Niigata Basin
101,acNIG0092402070608,NIG009,2024-02-07 06:08:00,training,24.63,18.91767578,23.59147949,-5.712324219,-1.038520508,5.712324219,1.038520508,139.34,37.95,137.58,37.73,5.2,20,156.47,Niigata Basin
102,acNIG0172402070608,NIG017,2024-02-07 06:08:00,training,39.18300049,37.75798828,38.32854248,-1.425012207,-0.854458008,1.425012207,0.854458008,138.84,37.44,137.58,37.73,5.2,20,115.61,Niigata Basin
103,acNGN0020410231756,NGN002,2004-10-23 17:56:00,training,35.06199951,38.598396,34.43133057,3.536396484,-0.630668945,3.536396484,0.630668945,138.21,36.81,138.87,37.29,6.8,13,79.24,Niigata Basin
104,acNGN0040410231756,NGN004,2004-10-23 17:56:00,training,42.98299805,40.79331543,41.59808838,-2.189682617,-1.384909668,2.189682617,1.384909668,138.19,36.65,138.87,37.29,6.8,13,93.35,Niigata Basin
105,acNGN0060410231756,NGN006,2004-10-23 17:56:00,training,34.76699951,34.09815918,38.65444824,-0.668840332,3.88744873,0.668840332,3.88744873,137.85,36.51,138.87,37.29,6.8,13,125.49,Niigata Basin
106,acNIG0100410231756,NIG010,2004-10-23 17:56:00,training,35.46199951,34.26393066,36.55895996,-1.198068848,1.096960449,1.198068848,1.096960449,139.01,37.91,138.87,37.29,6.8,13,70.04,Niigata Basin
107,acNIG0150410231756,NIG015,2004-10-23 17:56:00,training,29.355,29.43976074,30.27452393,0.084760742,0.919523926,0.084760742,0.919523926,139.19,37.69,138.87,37.29,6.8,13,52.68,Niigata Basin
108,acNIG0160410231756,NIG016,2004-10-23 17:56:00,training,32.715,28.24608154,32.00305664,-4.468918457,-0.711943359,4.468918457,0.711943359,138.77,37.65,138.87,37.29,6.8,13,40.99,Niigata Basin
109,acNIG0230410231756,NIG023,2004-10-23 17:56:00,training,28.24600098,23.02458008,28.36157715,-5.221420898,0.115576172,5.221420898,0.115576172,138.65,37.01,138.87,37.29,6.8,13,36.74,Niigata Basin
110,acNGN0010410231803,NGN001,2004-10-23 18:03:00,training,33.22199951,34.02609619,33.94620483,0.80409668,0.724205322,0.80409668,0.724205322,138.37,36.85,138.98,37.75,6.3,9,113.69,Niigata Basin
111,acNGN0020410231803,NGN002,2004-10-23 18:03:00,holdout_evaluation,36.28300049,36.40513916,36.57824463,0.122138672,0.295244141,0.122138672,0.295244141,138.21,36.81,138.98,37.75,6.3,9,124.76,Niigata Basin
112,acNGN0040410231803,NGN004,2004-10-23 18:03:00,training,33.75199951,34.84062988,36.88449707,1.088630371,3.132497559,1.088630371,3.132497559,138.19,36.65,138.98,37.75,6.3,9,140.91,Niigata Basin
113,acNIG0100410231803,NIG010,2004-10-23 18:03:00,training,38.39800049,36.76723145,36.09716309,-1.630769043,-2.300837402,1.630769043,2.300837402,139.01,37.91,138.98,37.75,6.3,9,17.99,Niigata Basin
114,acNIG0130410231803,NIG013,2004-10-23 18:03:00,training,37.18300049,31.82421631,37.56988037,-5.35878418,0.386879883,5.35878418,0.386879883,138.88,37.76,138.98,37.75,6.3,9,8.86,Niigata Basin
115,acNIG0140410231803,NIG014,2004-10-23 18:03:00,holdout_evaluation,28.72,28.79927246,26.69910645,0.079272461,-2.020893555,0.079272461,2.020893555,138.96,37.64,138.98,37.75,6.3,9,12.36,Niigata Basin
116,acNIG0150410231803,NIG015,2004-10-23 18:03:00,training,27.47,26.48178711,30.10727783,-0.988212891,2.637277832,0.988212891,2.637277832,139.19,37.69,138.98,37.75,6.3,9,19.64,Niigata Basin
117,acNIG0250410231803,NIG025,2004-10-23 18:03:00,training,47.90600098,41.60092773,39.04337402,-6.305073242,-8.862626953,6.305073242,8.862626953,138.22,37.16,138.98,37.75,6.3,9,93.83,Niigata Basin
118,acNGN0040410231812,NGN004,2004-10-23 18:12:00,training,34.82899902,35.61263428,37.95656494,0.783635254,3.127565918,0.783635254,3.127565918,138.19,36.65,138.83,37.25,6.0,12,87.67,Niigata Basin
119,acNGN0060410231812,NGN006,2004-10-23 18:12:00,training,33.98100098,32.84263428,35.14860352,-1.138366699,1.167602539,1.138366699,1.167602539,137.85,36.51,138.83,37.25,6.0,12,119.87,Niigata Basin
120,acNIG0100410231812,NIG010,2004-10-23 18:12:00,training,36.05699951,33.71177246,35.11756348,-2.345227051,-0.939436035,2.345227051,0.939436035,139.01,37.91,138.83,37.25,6.0,12,75.08,Niigata Basin
121,acNGN0020410231834,NGN002,2004-10-23 18:34:00,training,33.50699951,32.91107422,33.92743408,-0.595925293,0.42043457,0.595925293,0.42043457,138.21,36.81,138.93,37.31,6.5,14,84.69,Niigata Basin
122,acNGN0040410231834,NGN004,2004-10-23 18:34:00,training,34.07800049,34.10286133,34.4313562,0.02486084,0.353355713,0.02486084,0.353355713,138.19,36.65,138.93,37.31,6.5,14,98.52,Niigata Basin
123,acNGN0050410231834,NGN005,2004-10-23 18:34:00,holdout_evaluation,34.36300049,33.16532959,37.21047119,-1.197670898,2.847470703,1.197670898,2.847470703,137.86,36.7,138.93,37.31,6.5,14,116.74,Niigata Basin
124,acNIG0100410231834,NIG010,2004-10-23 18:34:00,training,45.75700195,39.11025879,36.97748657,-6.646743164,-8.779515381,6.646743164,8.779515381,139.01,37.91,138.93,37.31,6.5,14,67.09,Niigata Basin
125,acNIG0110410231834,NIG011,2004-10-23 18:34:00,training,34.1,37.97028809,33.60531494,3.870288086,-0.494685059,3.870288086,0.494685059,139.15,37.8,138.93,37.31,6.5,14,57.83,Niigata Basin
126,acNIG0130410231834,NIG013,2004-10-23 18:34:00,training,38.77300049,38.03168945,38.17839844,-0.741311035,-0.594602051,0.741311035,0.594602051,138.88,37.76,138.93,37.31,6.5,14,50.23,Niigata Basin
127,acNIG0160410231834,NIG016,2004-10-23 18:34:00,training,27.47,23.57302002,28.74924316,-3.89697998,1.279243164,3.89697998,1.279243164,138.77,37.65,138.93,37.31,6.5,14,40.36,Niigata Basin
128,acNGN0010410250605,NGN001,2004-10-25 06:05:00,holdout_evaluation,30.415,31.58938477,31.93911621,1.174384766,1.524116211,1.174384766,1.524116211,138.37,36.85,138.95,37.33,5.8,15,74.13,Niigata Basin
129,acNGN0020410250605,NGN002,2004-10-25 06:05:00,training,27.84100098,26.00705566,29.0132666,-1.833945313,1.172265625,1.833945313,1.172265625,138.21,36.81,138.95,37.33,5.8,15,87.49,Niigata Basin
130,acNGN0040410250605,NGN004,2004-10-25 06:05:00,training,35.38399902,30.47980225,32.61172119,-4.904196777,-2.772277832,4.904196777,2.772277832,138.19,36.65,138.95,37.33,5.8,15,101.36,Niigata Basin
131,acNGN0050410250605,NGN005,2004-10-25 06:05:00,holdout_evaluation,22.355,20.07778687,24.35783447,-2.277213135,2.002834473,2.277213135,2.002834473,137.86,36.7,138.95,37.33,5.8,15,119.47,Niigata Basin
132,acNGN0060410250605,NGN006,2004-10-25 06:05:00,holdout_evaluation,27.24399902,17.43551025,22.07102539,-9.80848877,-5.172973633,9.80848877,5.172973633,137.85,36.51,138.95,37.33,5.8,15,133.7,Niigata Basin
133,acNIG0100410250605,NIG010,2004-10-25 06:05:00,training,37.41199951,30.22453613,27.59882568,-7.187463379,-9.813173828,7.187463379,9.813173828,139.01,37.91,138.95,37.33,5.8,15,64.71,Niigata Basin
134,acNIG0130410250605,NIG013,2004-10-25 06:05:00,training,31.94100098,32.89813477,33.11801025,0.957133789,1.177009277,0.957133789,1.177009277,138.88,37.76,138.95,37.33,5.8,15,48.21,Niigata Basin
135,acNIG0140410250605,NIG014,2004-10-25 06:05:00,training,36.91699951,36.39780762,38.38312744,-0.519191895,1.46612793,0.519191895,1.46612793,138.96,37.64,138.95,37.33,5.8,15,34.48,Niigata Basin
136,acNIG0160410250605,NIG016,2004-10-25 06:05:00,training,26.44300049,21.2106543,26.18359863,-5.232346191,-0.259401855,5.232346191,0.259401855,138.77,37.65,138.95,37.33,5.8,15,38.97,Niigata Basin
137,acNIG0210410250605,NIG021,2004-10-25 06:05:00,training,25.41600098,24.95637451,25.10868652,-0.459626465,-0.307314453,0.459626465,0.307314453,138.78,37.2,138.95,37.33,5.8,15,20.86,Niigata Basin
138,acNIG0240410250605,NIG024,2004-10-25 06:05:00,training,34.145,33.60303223,34.92445313,-0.541967773,0.779453125,0.541967773,0.779453125,138.44,37.13,138.95,37.33,5.8,15,50.33,Niigata Basin
139,acNIG0260410250605,NIG026,2004-10-25 06:05:00,holdout_evaluation,22.935,25.02669434,20.79077148,2.091694336,-2.144228516,2.091694336,2.144228516,138.25,37.02,138.95,37.33,5.8,15,70.95,Niigata Basin
140,acNGN0040410271040,NGN004,2004-10-27 10:40:00,training,29.78199951,35.97753906,33.87966553,6.195539551,4.097666016,6.195539551,4.097666016,138.19,36.65,139.03,37.29,6.1,12,103.12,Niigata Basin
141,acNGN0060410271040,NGN006,2004-10-27 10:40:00,holdout_evaluation,42.35200195,33.90052246,38.87938477,-8.451479492,-3.472617187,8.451479492,3.472617187,137.85,36.51,139.03,37.29,6.1,12,136.13,Niigata Basin
142,acNIG0100410271040,NIG010,2004-10-27 10:40:00,training,30.70699951,33.53753418,30.77596191,2.830534668,0.068962402,2.830534668,0.068962402,139.01,37.91,139.03,37.29,6.1,12,68.96,Niigata Basin
143,acNIG0130410271040,NIG013,2004-10-27 10:40:00,holdout_evaluation,36.67300049,35.59897217,34.55259277,-1.07402832,-2.120407715,1.07402832,2.120407715,138.88,37.76,139.03,37.29,6.1,12,53.91,Niigata Basin
144,acNIG0140410271040,NIG014,2004-10-27 10:40:00,training,42.39200195,42.01648926,39.12682617,-0.375512695,-3.265175781,0.375512695,3.265175781,138.96,37.64,139.03,37.29,6.1,12,39.41,Niigata Basin
145,acNIG0250410271040,NIG025,2004-10-27 10:40:00,training,36.26199951,35.17260254,36.2535376,-1.089396973,-0.008461914,1.089396973,0.008461914,138.22,37.16,139.03,37.29,6.1,12,73.16,Niigata Basin
146,acNIG0260410271040,NIG026,2004-10-27 10:40:00,training,23.36199951,22.14263672,23.22556641,-1.219362793,-0.136433105,1.219362793,0.136433105,138.25,37.02,139.03,37.29,6.1,12,75.36,Niigata Basin
147,acNGN0010411040857,NGN001,2004-11-04 08:57:00,holdout_evaluation,26.72300049,29.25075928,32.63696289,2.527758789,5.913962402,2.527758789,5.913962402,138.37,36.85,138.91,37.43,5.2,18,80.31,Niigata Basin
148,acNGN0040411040857,NGN004,2004-11-04 08:57:00,training,31.02300049,26.22504639,29.8645166,-4.797954102,-1.158483887,4.797954102,1.158483887,138.19,36.65,138.91,37.43,5.2,18,107.73,Niigata Basin
149,acNGN0060411040857,NGN006,2004-11-04 08:57:00,training,23.90199951,21.34570557,22.68928467,-2.556293945,-1.212714844,2.556293945,1.212714844,137.85,36.51,138.91,37.43,5.2,18,139.04,Niigata Basin
150,acNIG0130411040857,NIG013,2004-11-04 08:57:00,holdout_evaluation,30.78399902,39.31015625,31.28376709,8.526157227,0.499768066,8.526157227,0.499768066,138.88,37.76,138.91,37.43,5.2,18,36.79,Niigata Basin
151,acNIG0140411040857,NIG014,2004-11-04 08:57:00,training,33.55,40.86948486,35.19585693,7.319484863,1.645856934,7.319484863,1.645856934,138.96,37.64,138.91,37.43,5.2,18,23.76,Niigata Basin
152,acNIG0150411040857,NIG015,2004-11-04 08:57:00,training,31.83,30.5526123,30.10640625,-1.277387695,-1.72359375,1.277387695,1.72359375,139.19,37.69,138.91,37.43,5.2,18,38.01,Niigata Basin
153,acNIG0250411040857,NIG025,2004-11-04 08:57:00,training,41.59799805,38.53727295,31.76750488,-3.060725098,-9.830493164,3.060725098,9.830493164,138.22,37.16,138.91,37.43,5.2,18,68.02,Niigata Basin
154,acNGN0020411081116,NGN002,2004-11-08 11:16:00,holdout_evaluation,29.14800049,28.79448486,28.42084473,-0.353515625,-0.727155762,0.353515625,0.727155762,138.21,36.81,139.03,37.4,5.9,0,97.94,Niigata Basin
155,acNGN0040411081116,NGN004,2004-11-08 11:16:00,training,22.355,22.27065186,22.76541504,-0.084348145,0.410415039,0.084348145,0.410415039,138.19,36.65,139.03,37.4,5.9,0,111.87,Niigata Basin
156,acNGN0050411081116,NGN005,2004-11-08 11:16:00,training,29.37699951,21.14876953,29.79660889,-8.22822998,0.419609375,8.22822998,0.419609375,137.86,36.7,139.03,37.4,5.9,0,129.77,Niigata Basin
157,acNIG0100411081116,NIG010,2004-11-08 11:16:00,training,28.15399902,27.35081787,25.77267822,-0.803181152,-2.381320801,0.803181152,2.381320801,139.01,37.91,139.03,37.4,5.9,0,56.74,Niigata Basin
158,acNIG0110411081116,NIG011,2004-11-08 11:16:00,training,33.42899902,34.31425537,32.98997192,0.885256348,-0.4390271,0.885256348,0.4390271,139.15,37.8,139.03,37.4,5.9,0,45.72,Niigata Basin
159,acNIG0130411081116,NIG013,2004-11-08 11:16:00,training,40.68800049,39.62339355,36.97709717,-1.064606934,-3.71090332,1.064606934,3.71090332,138.88,37.76,139.03,37.4,5.9,0,42.16,Niigata Basin
160,acNIG0160411081116,NIG016,2004-11-08 11:16:00,holdout_evaluation,28.15399902,25.28310303,29.74312012,-2.870895996,1.589121094,2.870895996,1.589121094,138.77,37.65,139.03,37.4,5.9,0,36.03,Niigata Basin
161,acNIG0230411081116,NIG023,2004-11-08 11:16:00,training,32.30600098,27.91481445,30.59044922,-4.391186523,-1.715551758,4.391186523,1.715551758,138.65,37.01,139.03,37.4,5.9,0,54.89,Niigata Basin
162,acNIG0240411081116,NIG024,2004-11-08 11:16:00,holdout_evaluation,30.91300049,27.49873535,33.74916992,-3.414265137,2.836169434,3.414265137,2.836169434,138.44,37.13,139.03,37.4,5.9,0,60.23,Niigata Basin
163,acNIG0250411081116,NIG025,2004-11-08 11:16:00,training,40.9,42.19746094,38.95777344,1.297460937,-1.942226562,1.297460937,1.942226562,138.22,37.16,139.03,37.4,5.9,0,76.47,Niigata Basin
164,acNIG0260411081116,NIG026,2004-11-08 11:16:00,holdout_evaluation,38.80699951,24.48253906,25.66182617,-14.32446045,-13.14517334,14.32446045,13.14517334,138.25,37.02,139.03,37.4,5.9,0,80.97,Niigata Basin
165,acNIG0100411081132,NIG010,2004-11-08 11:32:00,training,28.32600098,29.82893311,30.50541504,1.502932129,2.179414062,1.502932129,2.179414062,139.01,37.91,139.05,37.39,5.1,6,57.93,Niigata Basin
166,acNIG0130411081132,NIG013,2004-11-08 11:32:00,training,34.39600098,34.59005127,36.85784424,0.194050293,2.461843262,0.194050293,2.461843262,138.88,37.76,139.05,37.39,5.1,6,43.78,Niigata Basin
167,acNIG0230411081132,NIG023,2004-11-08 11:32:00,holdout_evaluation,21.97199951,24.15875488,27.02506836,2.186755371,5.053068848,2.186755371,5.053068848,138.65,37.01,139.05,37.39,5.1,6,55.14,Niigata Basin
168,acNIG0240411081132,NIG024,2004-11-08 11:32:00,training,37.35699951,36.80159912,39.24896484,-0.555400391,1.891965332,0.555400391,1.891965332,138.44,37.13,139.05,37.39,5.1,6,61.24,Niigata Basin
169,acNIG0250411081132,NIG025,2004-11-08 11:32:00,training,39.79699951,43.41458008,40.12360352,3.617580566,0.326604004,3.617580566,0.326604004,138.22,37.16,139.05,37.39,5.1,6,77.77,Niigata Basin
170,acNGN0010411100343,NGN001,2004-11-10 03:43:00,holdout_evaluation,30.04300049,25.47331055,32.16428223,-4.569689941,2.121281738,4.569689941,2.121281738,138.37,36.85,139.0,37.37,5.3,5,80.4,Niigata Basin
171,acNIG0100411100343,NIG010,2004-11-10 03:43:00,holdout_evaluation,29.86800049,31.59000732,27.76343994,1.722006836,-2.104560547,1.722006836,2.104560547,139.01,37.91,139.0,37.37,5.3,5,60.05,Niigata Basin
172,acNIG0130411100343,NIG013,2004-11-10 03:43:00,training,30.73899902,31.74043213,30.88058838,1.001433105,0.141589355,1.001433105,0.141589355,138.88,37.76,139.0,37.37,5.3,5,44.64,Niigata Basin
173,acNIG0160411100343,NIG016,2004-11-10 03:43:00,training,29.385,27.72569336,29.29388672,-1.659306641,-0.091113281,1.659306641,0.091113281,138.77,37.65,139.0,37.37,5.3,5,37.16,Niigata Basin
174,acNIG0180411100343,NIG018,2004-11-10 03:43:00,training,32.30600098,26.90294434,32.6872583,-5.403056641,0.381257324,5.403056641,0.381257324,138.56,37.37,139.0,37.37,5.3,5,38.88,Niigata Basin
175,acNIG0230411100343,NIG023,2004-11-10 03:43:00,holdout_evaluation,23.34899902,23.4418457,24.98734375,0.09284668,1.638344727,0.09284668,1.638344727,138.65,37.01,139.0,37.37,5.3,5,50.63,Niigata Basin
176,acNIG0240411100343,NIG024,2004-11-10 03:43:00,training,23.77300049,23.40665039,25.67311768,-0.366350098,1.900117188,0.366350098,1.900117188,138.44,37.13,139.0,37.37,5.3,5,56.29,Niigata Basin
177,acNIG0250411100343,NIG025,2004-11-10 03:43:00,training,38.385,45.35279785,37.57935669,6.967797852,-0.805643311,6.967797852,0.805643311,138.22,37.16,139.0,37.37,5.3,5,72.87,Niigata Basin
178,acNGN0020412281830,NGN002,2004-12-28 18:30:00,training,21.71100098,26.63979492,22.96991699,4.928793945,1.258916016,4.928793945,1.258916016,138.21,36.81,138.98,37.32,5.0,8,88.79,Niigata Basin
179,acNIG0100412281830,NIG010,2004-12-28 18:30:00,training,32.68800049,33.02161621,29.08804688,0.333615723,-3.599953613,0.333615723,3.599953613,139.01,37.91,138.98,37.32,5.0,8,65.66,Niigata Basin
180,acNIG0140412281830,NIG014,2004-12-28 18:30:00,training,33.06199951,35.21271484,29.92928467,2.150715332,-3.132714844,2.150715332,3.132714844,138.96,37.64,138.98,37.32,5.0,8,35.63,Niigata Basin
181,acNIG0210412281830,NIG021,2004-12-28 18:30:00,training,25.195,20.49017578,24.31756104,-4.704824219,-0.877438965,4.704824219,0.877438965,138.78,37.2,138.98,37.32,5.0,8,22.17,Niigata Basin
182,acNIG0230412281830,NIG023,2004-12-28 18:30:00,training,28.94100098,26.15979492,28.05495117,-2.781206055,-0.886049805,2.781206055,0.886049805,138.65,37.01,138.98,37.32,5.0,8,45.2,Niigata Basin
183,acNIG0240412281830,NIG024,2004-12-28 18:30:00,training,24.44600098,21.16080322,22.91117676,-3.285197754,-1.534824219,3.285197754,1.534824219,138.44,37.13,138.98,37.32,5.0,8,52.27,Niigata Basin
184,acNGN0010506201303,NGN001,2005-06-20 13:03:00,training,36.85100098,28.24421387,28.54319824,-8.606787109,-8.307802734,8.606787109,8.307802734,138.37,36.85,138.59,37.23,5.0,15,46.55,Niigata Basin
185,acNIG0130506201303,NIG013,2005-06-20 13:03:00,training,43.69100098,43.75826172,41.89231323,0.067260742,-1.798687744,0.067260742,1.798687744,138.88,37.76,138.59,37.23,5.0,15,64.25,Niigata Basin
186,acNIG0140506201303,NIG014,2005-06-20 13:03:00,training,40.20199951,40.32703369,34.27464233,0.12503418,-5.927357178,0.12503418,5.927357178,138.96,37.64,138.59,37.23,5.0,15,56.09,Niigata Basin
187,acNIG0150506201303,NIG015,2005-06-20 13:03:00,training,26.94699951,27.88106445,25.69370117,0.934064941,-1.25329834,0.934064941,1.25329834,139.19,37.69,138.59,37.23,5.0,15,73.63,Niigata Basin
188,acNIG0170506201303,NIG017,2005-06-20 13:03:00,training,25.20300049,26.62071777,25.05418701,1.417717285,-0.148813477,1.417717285,0.148813477,138.84,37.44,138.59,37.23,5.0,15,32.15,Niigata Basin
189,acNIG0230506201303,NIG023,2005-06-20 13:03:00,holdout_evaluation,28.865,21.57514648,24.32493408,-7.289853516,-4.540065918,7.289853516,4.540065918,138.65,37.01,138.59,37.23,5.0,15,25.03,Niigata Basin
190,acNIG0250506201303,NIG025,2005-06-20 13:03:00,training,25.20300049,25.85460938,26.38367676,0.651608887,1.18067627,0.651608887,1.18067627,138.22,37.16,138.59,37.23,5.0,15,33.68,Niigata Basin
191,acNGN0040508211129,NGN004,2005-08-21 11:29:00,training,24.025,23.37967285,24.49615479,-0.645327148,0.471154785,0.645327148,0.471154785,138.19,36.65,138.71,37.3,5.0,17,85.78,Niigata Basin
192,acNIG0140508211129,NIG014,2005-08-21 11:29:00,holdout_evaluation,33.84699951,33.62433105,35.83373779,-0.222668457,1.986738281,0.222668457,1.986738281,138.96,37.64,138.71,37.3,5.0,17,43.77,Niigata Basin
193,acNGN0020707161013,NGN002,2007-07-16 10:13:00,training,35.56399902,39.55934082,33.45669434,3.995341797,-2.107304688,3.995341797,2.107304688,138.21,36.81,138.61,37.56,6.8,17,90.61,Niigata Basin
194,acNGN0040707161013,NGN004,2007-07-16 10:13:00,training,39.78399902,39.09995361,38.92383423,-0.68404541,-0.860164795,0.68404541,0.860164795,138.19,36.65,138.61,37.56,6.8,17,107.82,Niigata Basin
195,acNGN0050707161013,NGN005,2007-07-16 10:13:00,training,34.805,34.30110596,34.73697632,-0.503894043,-0.068023682,0.503894043,0.068023682,137.86,36.7,138.61,37.56,6.8,17,116.47,Niigata Basin
196,acNGN0060707161013,NGN006,2007-07-16 10:13:00,training,48.18399902,46.77215332,46.74213135,-1.411845703,-1.441867676,1.411845703,1.441867676,137.85,36.51,138.61,37.56,6.8,17,134.84,Niigata Basin
197,acNIG0100707161013,NIG010,2007-07-16 10:13:00,training,53.11700195,48.09410156,48.97718262,-5.022900391,-4.139819336,5.022900391,4.139819336,139.01,37.91,138.61,37.56,6.8,17,52.46,Niigata Basin
198,acNIG0130707161013,NIG013,2007-07-16 10:13:00,holdout_evaluation,55.88299805,42.31022461,31.20018982,-13.57277344,-24.68280823,13.57277344,24.68280823,138.88,37.76,138.61,37.56,6.8,17,32.55,Niigata Basin
199,acNGN0010707161537,NGN001,2007-07-16 15:37:00,training,23.05899902,22.38436035,23.59598389,-0.674638672,0.536984863,0.674638672,0.536984863,138.37,36.85,138.64,37.5,5.8,23,76.13,Niigata Basin
200,acNGN0040707161537,NGN004,2007-07-16 15:37:00,training,36.61300049,36.52189453,34.45013184,-0.091105957,-2.162868652,0.091105957,2.162868652,138.19,36.65,138.64,37.5,5.8,23,102.6,Niigata Basin
201,acNIG0110707161537,NIG011,2007-07-16 15:37:00,training,41.61200195,47.27662598,42.48966675,5.664624023,0.877664795,5.664624023,0.877664795,139.15,37.8,138.64,37.5,5.8,23,55.94,Niigata Basin
202,acNIG0130707161537,NIG013,2007-07-16 15:37:00,holdout_evaluation,55.07200195,55.75547852,52.90609253,0.683476562,-2.165909424,0.683476562,2.165909424,138.88,37.76,138.64,37.5,5.8,23,35.81,Niigata Basin
203,acNIG0150707161537,NIG015,2007-07-16 15:37:00,training,39.85800049,36.32792969,35.03628296,-3.530070801,-4.821717529,3.530070801,4.821717529,139.19,37.69,138.64,37.5,5.8,23,52.86,Niigata Basin
204,acNIG0170707161537,NIG017,2007-07-16 15:37:00,holdout_evaluation,32.76800049,26.4583252,24.94357788,-6.309675293,-7.824422607,6.309675293,7.824422607,138.84,37.44,138.64,37.5,5.8,23,18.87,Niigata Basin
205,acNIG0210707161537,NIG021,2007-07-16 15:37:00,training,33.27899902,26.99585205,32.9230957,-6.283146973,-0.35590332,6.283146973,0.35590332,138.78,37.2,138.64,37.5,5.8,23,35.58,Niigata Basin
206,acNIG0260707161537,NIG026,2007-07-16 15:37:00,training,32.57199951,30.38724365,32.14949707,-2.184755859,-0.422502441,2.184755859,0.422502441,138.25,37.02,138.64,37.5,5.8,23,63.56,Niigata Basin
207,acNIG0280707161537,NIG028,2007-07-16 15:37:00,training,34.47600098,34.23174316,29.5348938,-0.244257813,-4.941107178,0.244257813,4.941107178,138.89,37.43,138.64,37.5,5.8,23,23.4,Niigata Basin
208,acNGN0041103120359,NGN004,2011-03-12 03:59:00,training,37.56800049,32.86691406,37.04062988,-4.701086426,-0.527370605,4.701086426,0.527370605,138.19,36.65,138.6,36.98,6.7,8,51.75,Niigata Basin
209,acNGN0051103120359,NGN005,2011-03-12 03:59:00,training,30.16600098,28.27191406,32.26305664,-1.894086914,2.097055664,1.894086914,2.097055664,137.86,36.7,138.6,36.98,6.7,8,72.84,Niigata Basin
210,acNIG0131103120359,NIG013,2011-03-12 03:59:00,training,62.40200195,58.2159668,59.36183838,-4.186035156,-3.040163574,4.186035156,3.040163574,138.88,37.76,138.6,36.98,6.7,8,90.19,Niigata Basin
211,acNIG0141103120359,NIG014,2011-03-12 03:59:00,training,51.62299805,47.24388672,48.5820166,-4.379111328,-3.040981445,4.379111328,3.040981445,138.96,37.64,138.6,36.98,6.7,8,80.0,Niigata Basin
212,acNIG0151103120359,NIG015,2011-03-12 03:59:00,training,33.575,37.34705078,34.73954224,3.772050781,1.164542236,3.772050781,1.164542236,139.19,37.69,138.6,36.98,6.7,8,94.62,Niigata Basin
213,acNIG0171103120359,NIG017,2011-03-12 03:59:00,training,35.57300049,36.17706055,34.44360107,0.604060059,-1.129399414,0.604060059,1.129399414,138.84,37.44,138.6,36.98,6.7,8,55.39,Niigata Basin
214,acNIG0181103120359,NIG018,2011-03-12 03:59:00,training,31.31399902,32.92259277,30.95251953,1.60859375,-0.361479492,1.60859375,0.361479492,138.56,37.37,138.6,36.98,6.7,8,43.51,Niigata Basin
215,acNIG0261103120359,NIG026,2011-03-12 03:59:00,holdout_evaluation,38.37300049,30.17462158,35.48693604,-8.198378906,-2.886064453,8.198378906,2.886064453,138.25,37.02,138.6,36.98,6.7,8,31.4,Niigata Basin
216,acNIG0281103120359,NIG028,2011-03-12 03:59:00,holdout_evaluation,36.23899902,32.65550537,33.52891113,-3.583493652,-2.710087891,3.583493652,2.710087891,138.89,37.43,138.6,36.98,6.7,8,56.24,Niigata Basin
217,acNGN0021103120432,NGN002,2011-03-12 04:32:00,training,27.915,28.84845215,28.22950317,0.933452148,0.314503174,0.933452148,0.314503174,138.21,36.81,138.57,36.95,5.9,1,35.6,Niigata Basin
218,acNGN0041103120432,NGN004,2011-03-12 04:32:00,training,30.47199951,26.60260498,28.09971191,-3.869394531,-2.372287598,3.869394531,2.372287598,138.19,36.65,138.57,36.95,5.9,1,47.51,Niigata Basin
219,acNGN0051103120432,NGN005,2011-03-12 04:32:00,training,19.72099976,16.4287793,20.40834961,-3.292220459,0.687349854,3.292220459,0.687349854,137.86,36.7,138.57,36.95,5.9,1,69.04,Niigata Basin
220,acNGN0061103120432,NGN006,2011-03-12 04:32:00,training,28.72699951,27.96225098,31.15988037,-0.764748535,2.432880859,0.764748535,2.432880859,137.85,36.51,138.57,36.95,5.9,1,80.69,Niigata Basin
221,acNGNH271103120432,NGNH27,2011-03-12 04:32:00,training,40.43399902,41.04125,39.69384766,0.607250977,-0.740151367,0.607250977,0.740151367,138.05,36.58,138.57,36.95,5.9,1,61.95,Niigata Basin
222,acNIG0131103120432,NIG013,2011-03-12 04:32:00,training,56.02200195,53.17757813,57.31819092,-2.844423828,1.296188965,2.844423828,1.296188965,138.88,37.76,138.57,36.95,5.9,1,94.14,Niigata Basin
223,acNIG0141103120432,NIG014,2011-03-12 04:32:00,training,61.92399902,54.57249512,58.7589624,-7.351503906,-3.165036621,7.351503906,3.165036621,138.96,37.64,138.57,36.95,5.9,1,84.12,Niigata Basin
224,acNIG0161103120432,NIG016,2011-03-12 04:32:00,training,38.85600098,32.32590576,39.05465332,-6.530095215,0.198652344,6.530095215,0.198652344,138.77,37.65,138.57,36.95,5.9,1,79.82,Niigata Basin
225,acNIG0171103120432,NIG017,2011-03-12 04:32:00,holdout_evaluation,31.96899902,35.72305664,29.17959717,3.754057617,-2.789401855,3.754057617,2.789401855,138.84,37.44,138.57,36.95,5.9,1,59.5,Niigata Basin
226,acNIG0181103120432,NIG018,2011-03-12 04:32:00,training,30.49199951,29.48064453,27.83121094,-1.01135498,-2.660788574,1.01135498,2.660788574,138.56,37.37,138.57,36.95,5.9,1,46.71,Niigata Basin
227,acNIG0191103120432,NIG019,2011-03-12 04:32:00,holdout_evaluation,30.76300049,28.51306641,29.29131836,-2.249934082,-1.471682129,2.249934082,1.471682129,138.81,37.3,138.57,36.95,5.9,1,44.36,Niigata Basin
228,acNIG0211103120432,NIG021,2011-03-12 04:32:00,training,44.29600098,41.21165527,44.15391113,-3.084345703,-0.142089844,3.084345703,0.142089844,138.78,37.2,138.57,36.95,5.9,1,33.46,Niigata Basin
229,acNIG0251103120432,NIG025,2011-03-12 04:32:00,training,36.14,33.07446289,34.11047363,-3.065537109,-2.029526367,3.065537109,2.029526367,138.22,37.16,138.57,36.95,5.9,1,38.86,Niigata Basin
230,acNIG0261103120432,NIG026,2011-03-12 04:32:00,training,26.16899902,21.03698486,27.92164551,-5.13201416,1.752646484,5.13201416,1.752646484,138.25,37.02,138.57,36.95,5.9,1,29.47,Niigata Basin
231,acNIG0281103120432,NIG028,2011-03-12 04:32:00,training,33.31399902,33.42160645,31.26112305,0.107607422,-2.052875977,0.107607422,2.052875977,138.89,37.43,138.57,36.95,5.9,1,60.43,Niigata Basin
232,acNGN0011103120542,NGN001,2011-03-12 05:42:00,holdout_evaluation,24.19100098,25.05426758,24.36850464,0.863266602,0.177503662,0.863266602,0.177503662,138.37,36.85,138.59,36.97,5.3,4,23.68,Niigata Basin
233,acNGN0021103120542,NGN002,2011-03-12 05:42:00,holdout_evaluation,23.86800049,18.25393311,22.05242432,-5.614067383,-1.815576172,5.614067383,1.815576172,138.21,36.81,138.59,36.97,5.3,4,38.19,Niigata Basin
234,acNGN0041103120542,NGN004,2011-03-12 05:42:00,training,32.59399902,27.79399414,25.42224854,-4.800004883,-7.171750488,4.800004883,7.171750488,138.19,36.65,138.59,36.97,5.3,4,50.34,Niigata Basin
235,acNGNH271103120542,NGNH27,2011-03-12 05:42:00,training,39.03300049,35.20446777,35.02663086,-3.828532715,-4.006369629,3.828532715,4.006369629,138.05,36.58,138.59,36.97,5.3,4,64.76,Niigata Basin
236,acNGNH281103120542,NGNH28,2011-03-12 05:42:00,training,34.06699951,33.47768311,36.29196289,-0.589316406,2.224963379,0.589316406,2.224963379,138.1,36.71,138.59,36.97,5.3,4,52.32,Niigata Basin
237,acNIG0131103120542,NIG013,2011-03-12 05:42:00,training,32.41800049,30.5103125,31.90305664,-1.907687988,-0.514943848,1.907687988,0.514943848,138.88,37.76,138.59,36.97,5.3,4,91.51,Niigata Basin
238,acNIG0171103120542,NIG017,2011-03-12 05:42:00,training,28.45899902,26.84388184,28.38497559,-1.615117188,-0.074023437,1.615117188,0.074023437,138.84,37.44,138.59,36.97,5.3,4,56.76,Niigata Basin
239,acNIG0181103120542,NIG018,2011-03-12 05:42:00,holdout_evaluation,25.275,25.5987915,25.51957275,0.323791504,0.244572754,0.323791504,0.244572754,138.56,37.37,138.59,36.97,5.3,4,44.56,Niigata Basin
240,acNIG0191103120542,NIG019,2011-03-12 05:42:00,training,35.14800049,34.78040283,32.69867065,-0.367597656,-2.449329834,0.367597656,2.449329834,138.81,37.3,138.59,36.97,5.3,4,41.55,Niigata Basin
241,acNIG0251103120542,NIG025,2011-03-12 05:42:00,training,31.23399902,31.33823242,31.19749268,0.104233398,-0.036506348,0.104233398,0.036506348,138.22,37.16,138.59,36.97,5.3,4,39.04,Niigata Basin
242,acNIG0261103120542,NIG026,2011-03-12 05:42:00,training,25.44100098,22.53984863,27.39227051,-2.901152344,1.951269531,2.901152344,1.951269531,138.25,37.02,138.59,36.97,5.3,4,30.7,Niigata Basin
243,acNIGH171103120542,NIGH17,2011-03-12 05:42:00,training,39.91899902,32.29440918,35.85283691,-7.624589844,-4.066162109,7.624589844,4.066162109,138.1,36.86,138.59,36.97,5.3,4,45.25,Niigata Basin
244,acNGN0041207101249,NGN004,2012-07-10 12:49:00,training,27.71100098,26.0515625,29.68575684,-1.659438477,1.974755859,1.659438477,1.974755859,138.19,36.65,138.39,36.83,5.2,9,26.8,Niigata Basin
245,acNGN0061207101249,NGN006,2012-07-10 12:49:00,training,28.81600098,27.97951172,30.91384521,-0.836489258,2.097844238,0.836489258,2.097844238,137.85,36.51,138.39,36.83,5.2,9,59.88,Niigata Basin
246,acNGNH271207101249,NGNH27,2012-07-10 12:49:00,training,31.28399902,28.61071289,30.37406982,-2.673286133,-0.909929199,2.673286133,0.909929199,138.05,36.58,138.39,36.83,5.2,9,41.13,Niigata Basin
247,acNGNH281207101249,NGNH28,2012-07-10 12:49:00,training,25.99800049,24.53402344,25.89189941,-1.463977051,-0.106101074,1.463977051,0.106101074,138.1,36.71,138.39,36.83,5.2,9,29.07,Niigata Basin
248,acNIG0161207101249,NIG016,2012-07-10 12:49:00,training,33.605,24.19142578,27.75612305,-9.413574219,-5.848876953,9.413574219,5.848876953,138.77,37.65,138.39,36.83,5.2,9,97.19,Niigata Basin
249,acNIG0171207101249,NIG017,2012-07-10 12:49:00,training,32.24800049,32.94135498,31.67811279,0.693354492,-0.569887695,0.693354492,0.569887695,138.84,37.44,138.39,36.83,5.2,9,78.69,Niigata Basin
250,acNIG0191207101249,NIG019,2012-07-10 12:49:00,training,34.23300049,35.11322266,34.28523926,0.880222168,0.05223877,0.880222168,0.05223877,138.81,37.3,138.39,36.83,5.2,9,64.19,Niigata Basin
251,acNIG0261207101249,NIG026,2012-07-10 12:49:00,training,21.555,20.89190918,23.43858154,-0.66309082,1.883581543,0.66309082,1.883581543,138.25,37.02,138.39,36.83,5.2,9,24.52,Niigata Basin
252,acNIG0091411222208,NIG009,2014-11-22 22:08:00,training,15.85900024,17.72547363,17.24319702,1.866473389,1.384196777,1.866473389,1.384196777,139.34,37.95,137.89,36.69,6.7,5,189.92,Niigata Basin
253,acNIG0131411222208,NIG013,2014-11-22 22:08:00,training,79.72299805,65.46504883,60.34289917,-14.25794922,-19.38009888,14.25794922,19.38009888,138.88,37.76,137.89,36.69,6.7,5,147.78,Niigata Basin
254,acNIG0141411222208,NIG014,2014-11-22 22:08:00,training,19.725,21.59769775,24.57211914,1.872697754,4.847119141,1.872697754,4.847119141,138.96,37.64,137.89,36.69,6.7,5,141.94,Niigata Basin
255,acNIG0181411222208,NIG018,2014-11-22 22:08:00,training,56.61299805,45.26896484,48.24288086,-11.3440332,-8.370117188,11.3440332,8.370117188,138.56,37.37,137.89,36.69,6.7,5,96.2,Niigata Basin
256,acNIG0191411222208,NIG019,2014-11-22 22:08:00,training,43.155,41.39662109,43.47766357,-1.758378906,0.322663574,1.758378906,0.322663574,138.81,37.3,137.89,36.69,6.7,5,106.19,Niigata Basin
257,acNIG0211411222208,NIG021,2014-11-22 22:08:00,training,42.63,39.88046631,43.16874512,-2.749533691,0.538745117,2.749533691,0.538745117,138.78,37.2,137.89,36.69,6.7,5,97.32,Niigata Basin
258,acNIG0231411222208,NIG023,2014-11-22 22:08:00,training,24.54899902,26.056604,23.97565063,1.50760498,-0.573348389,1.50760498,0.573348389,138.65,37.01,137.89,36.69,6.7,5,76.41,Niigata Basin
259,acNIG0281411222208,NIG028,2014-11-22 22:08:00,training,40.27600098,39.12991943,40.14062744,-1.146081543,-0.135373535,1.146081543,0.135373535,138.89,37.43,137.89,36.69,6.7,5,121.01,Niigata Basin
260,acNIGH131411222208,NIGH13,2014-11-22 22:08:00,training,31.37199951,33.36304443,30.93560425,1.991044922,-0.436395264,1.991044922,0.436395264,138.4,37.05,137.89,36.69,6.7,5,60.5,Niigata Basin
261,acNGN0011805121029,NGN001,2018-05-12 10:29:00,training,25.03100098,23.5206665,25.24923096,-1.510334473,0.21822998,1.510334473,0.21822998,138.37,36.85,137.9,36.63,5.2,11,48.5,Niigata Basin
262,acNGN0021805121029,NGN002,2018-05-12 10:29:00,training,27.71699951,25.22162842,23.05324463,-2.495371094,-4.663754883,2.495371094,4.663754883,138.21,36.81,137.9,36.63,5.2,11,34.12,Niigata Basin
263,acNIG0191805121029,NIG019,2018-05-12 10:29:00,training,21.58699951,22.8582959,24.7565332,1.271296387,3.169533691,1.271296387,3.169533691,138.81,37.3,137.9,36.63,5.2,11,109.94,Niigata Basin
264,acNIG0211805121029,NIG021,2018-05-12 10:29:00,training,25.78199951,26.51560547,26.56714966,0.733605957,0.785150146,0.733605957,0.785150146,138.78,37.2,137.9,36.63,5.2,11,100.69,Niigata Basin
265,acNIG0241805121029,NIG024,2018-05-12 10:29:00,training,21.14199951,20.16609863,25.31640137,-0.975900879,4.174401855,0.975900879,4.174401855,138.44,37.13,137.9,36.63,5.2,11,73.47,Niigata Basin
266,acNIG0251805121029,NIG025,2018-05-12 10:29:00,holdout_evaluation,29.15399902,25.85081543,30.08365723,-3.303183594,0.929658203,3.303183594,0.929658203,138.22,37.16,137.9,36.63,5.2,11,65.44,Niigata Basin
267,acNIG0261805121029,NIG026,2018-05-12 10:29:00,training,21.21399902,20.44752808,22.876875,-0.766470947,1.662875977,0.766470947,1.662875977,138.25,37.02,137.9,36.63,5.2,11,53.4,Niigata Basin
268,acNIGH111805121029,NIGH11,2018-05-12 10:29:00,training,50.33100098,48.33702637,49.29278076,-1.993974609,-1.038220215,1.993974609,1.038220215,138.74,37.17,137.9,36.63,5.2,11,95.84,Niigata Basin
269,acNGN0011805252113,NGN001,2018-05-25 21:13:00,training,22.46800049,23.51981689,22.93604004,1.051816406,0.468039551,1.051816406,0.468039551,138.37,36.85,138.59,36.94,5.2,6,21.97,Niigata Basin
270,acNGN0021805252113,NGN002,2018-05-25 21:13:00,holdout_evaluation,22.92100098,20.8194458,25.51236816,-2.101555176,2.591367188,2.101555176,2.591367188,138.21,36.81,138.59,36.94,5.2,6,36.76,Niigata Basin
271,acNGN0061805252113,NGN006,2018-05-25 21:13:00,training,29.02199951,26.69663086,31.36542969,-2.325368652,2.343430176,2.325368652,2.343430176,137.85,36.51,138.59,36.94,5.2,6,81.46,Niigata Basin
272,acNGNH271805252113,NGNH27,2018-05-25 21:13:00,holdout_evaluation,35.67100098,33.77466797,33.37337891,-1.896333008,-2.29762207,1.896333008,2.29762207,138.05,36.58,138.59,36.94,5.2,6,62.58,Niigata Basin
273,acNIG0131805252113,NIG013,2018-05-25 21:13:00,training,40.53800049,36.0484668,39.51952393,-4.489533691,-1.018476562,4.489533691,1.018476562,138.88,37.76,138.59,36.94,5.2,6,94.71,Niigata Basin
274,acNIG0141805252113,NIG014,2018-05-25 21:13:00,training,44.27899902,35.81061768,38.50041748,-8.468381348,-5.778581543,8.468381348,5.778581543,138.96,37.64,138.59,36.94,5.2,6,84.44,Niigata Basin
275,acNIG0171805252113,NIG017,2018-05-25 21:13:00,training,30.52399902,30.0353418,29.96478271,-0.488657227,-0.559216309,0.488657227,0.559216309,138.84,37.44,138.59,36.94,5.2,6,59.85,Niigata Basin
276,acNIG0181805252113,NIG018,2018-05-25 21:13:00,training,20.96399902,20.16015747,20.1567334,-0.803841553,-0.807265625,0.803841553,0.807265625,138.56,37.37,138.59,36.94,5.2,6,47.89,Niigata Basin
277,acNIG0191805252113,NIG019,2018-05-25 21:13:00,holdout_evaluation,27.09899902,35.9960498,35.53303955,8.897050781,8.434040527,8.897050781,8.434040527,138.81,37.3,138.59,36.94,5.2,6,44.53,Niigata Basin
278,acNIG0211805252113,NIG021,2018-05-25 21:13:00,training,26.29600098,25.88137695,30.89580566,-0.414624023,4.599804688,0.414624023,4.599804688,138.78,37.2,138.59,36.94,5.2,6,33.47,Niigata Basin
279,acNIG0241805252113,NIG024,2018-05-25 21:13:00,training,24.60600098,24.0715918,24.88951904,-0.53440918,0.283518066,0.53440918,0.283518066,138.44,37.13,138.59,36.94,5.2,6,24.97,Niigata Basin
280,acNIG0261805252113,NIG026,2018-05-25 21:13:00,training,24.16800049,22.92210693,26.07082275,-1.245893555,1.902822266,1.245893555,1.902822266,138.25,37.02,138.59,36.94,5.2,6,31.48,Niigata Basin
281,acNIGH171805252113,NIGH17,2018-05-25 21:13:00,training,31.24699951,30.26058594,30.32039795,-0.986413574,-0.926601562,0.986413574,0.926601562,138.1,36.86,138.59,36.94,5.2,6,44.47,Niigata Basin
282,acCHB0011103091145,CHB001,2011-03-09 11:45:00,training,44.05399902,45.38351563,45.48670654,1.329516602,1.43270752,1.329516602,1.43270752,139.8731,35.9571,143.282,38.325,7.3,8,400.73,Kanto Basin
283,acCHB0021103091145,CHB002,2011-03-09 11:45:00,training,33.65,33.75131348,32.50809814,0.101313477,-1.141901855,0.101313477,1.141901855,139.9024,35.7871,143.282,38.325,7.3,8,411.74,Kanto Basin
284,acCHB0031103091145,CHB003,2011-03-09 11:45:00,training,23.80800049,27.08951416,25.43552612,3.281513672,1.627525635,3.281513672,1.627525635,140.0577,35.7926,143.282,38.325,7.3,8,401.38,Kanto Basin
285,acCHB0061103091145,CHB006,2011-03-09 11:45:00,training,45.15299805,45.1357959,44.05272949,-0.017202148,-1.100268555,0.017202148,1.100268555,140.3073,35.779,143.282,38.325,7.3,8,387.04,Kanto Basin
286,acCHB0071103091145,CHB007,2011-03-09 11:45:00,training,43.90600098,45.5522998,42.02426025,1.646298828,-1.881740723,1.646298828,1.881740723,140.2246,35.7237,143.282,38.325,7.3,8,396.61,Kanto Basin
287,acCHB0101103091145,CHB010,2011-03-09 11:45:00,holdout_evaluation,35.765,43.01689453,43.51939941,7.251894531,7.754399414,7.251894531,7.754399414,140.5637,35.7086,143.282,38.325,7.3,8,377.96,Kanto Basin
288,acCHB0111103091145,CHB011,2011-03-09 11:45:00,training,79.50399902,73.68453125,73.52984375,-5.819467773,-5.974155273,5.819467773,5.974155273,140.4971,35.5877,143.282,38.325,7.3,8,392.23,Kanto Basin
289,acCHB0121103091145,CHB012,2011-03-09 11:45:00,training,83.39599609,82.26706055,78.91036377,-1.128935547,-4.485632324,1.128935547,4.485632324,140.3436,35.5721,143.282,38.325,7.3,8,402.3,Kanto Basin
290,acCHB0141103091145,CHB014,2011-03-09 11:45:00,training,92.36299805,87.66563477,91.85067139,-4.697363281,-0.51232666,4.697363281,0.51232666,140.0454,35.471,143.282,38.325,7.3,8,428.36,Kanto Basin
291,acCHB0151103091145,CHB015,2011-03-09 11:45:00,training,40.33100098,40.04481689,38.81446045,-0.286184082,-1.516540527,0.286184082,1.516540527,139.9199,35.3738,143.282,38.325,7.3,8,443.98,Kanto Basin
292,acCHB0171103091145,CHB017,2011-03-09 11:45:00,training,64.355,55.60345703,64.61012207,-8.751542969,0.25512207,8.751542969,0.25512207,140.0734,35.2976,143.282,38.325,7.3,8,441.42,Kanto Basin
293,acCHB0241103091145,CHB024,2011-03-09 11:45:00,training,67.79399902,54.91727539,59.08158203,-12.87672363,-8.712416992,12.87672363,8.712416992,140.0781,35.6337,143.282,38.325,7.3,8,412.92,Kanto Basin
294,acGNM0131103091145,GNM013,2011-03-09 11:45:00,training,31.1,32.03536377,29.08088379,0.93536377,-2.019116211,0.93536377,2.019116211,139.0174,36.3181,143.282,38.325,7.3,8,438.11,Kanto Basin
295,acIBR0091103091145,IBR009,2011-03-09 11:45:00,holdout_evaluation,63.00200195,66.90865234,61.32414673,3.906650391,-1.677855225,3.906650391,1.677855225,139.7037,36.185,143.282,38.325,7.3,8,396.08,Kanto Basin
296,acKNG0021103091145,KNG002,2011-03-09 11:45:00,training,46.12100098,49.54272461,44.19280518,3.421723633,-1.928195801,3.421723633,1.928195801,139.6334,35.4372,143.282,38.325,7.3,8,456.45,Kanto Basin
297,acSIT0021103091145,SIT002,2011-03-09 11:45:00,training,30.74100098,32.80484863,30.99293091,2.063847656,0.251929932,2.063847656,0.251929932,139.3888,36.1478,143.282,38.325,7.3,8,421.12,Kanto Basin
298,acSIT0031103091145,SIT003,2011-03-09 11:45:00,training,90.81400391,86.16441406,90.9805835,-4.649589844,0.16657959,4.649589844,0.16657959,139.6969,36.0721,143.282,38.325,7.3,8,404.4,Kanto Basin
299,acSIT0081103091145,SIT008,2011-03-09 11:45:00,training,29.79300049,33.21570801,32.79695923,3.42270752,3.00395874,3.42270752,3.00395874,139.7456,35.9829,143.282,38.325,7.3,8,407.43,Kanto Basin
300,acSIT0091103091145,SIT009,2011-03-09 11:45:00,training,19.42699951,18.09509888,19.87272461,-1.331900635,0.445725098,1.331900635,0.445725098,139.4826,35.9033,143.282,38.325,7.3,8,431.22,Kanto Basin
301,acSIT0101103091145,SIT010,2011-03-09 11:45:00,holdout_evaluation,63.37899902,93.53838867,94.02387207,30.15938965,30.64487305,30.15938965,30.64487305,139.6478,35.9071,143.282,38.325,7.3,8,419.6,Kanto Basin
302,acSIT0111103091145,SIT011,2011-03-09 11:45:00,training,27.75399902,31.16427246,26.96691162,3.410273437,-0.787087402,3.410273437,0.787087402,139.7214,35.8098,143.282,38.325,7.3,8,421.86,Kanto Basin
303,acTKY0041103091145,TKY004,2011-03-09 11:45:00,training,18.81,24.49641357,18.01199829,5.686413574,-0.798001709,5.686413574,0.798001709,139.4034,35.6301,143.282,38.325,7.3,8,456.54,Kanto Basin
304,acTKY0051103091145,TKY005,2011-03-09 11:45:00,training,32.71800049,45.15640625,39.78312012,12.43840576,7.065119629,12.43840576,7.065119629,139.4137,35.5798,143.282,38.325,7.3,8,459.63,Kanto Basin
305,acTKY0071103091145,TKY007,2011-03-09 11:45:00,training,81.38600098,79.18376953,82.40346436,-2.202231445,1.017463379,2.202231445,1.017463379,139.6864,35.7111,143.282,38.325,7.3,8,431.65,Kanto Basin
306,acCHB0171103111741,CHB017,2011-03-11 17:41:00,holdout_evaluation,50.84799805,53.97853516,52.71296021,3.130537109,1.864962158,3.130537109,1.864962158,140.0734,35.2976,141.32,37.42,6.1,27,261.06,Kanto Basin
307,acGNM0131103111741,GNM013,2011-03-11 17:41:00,training,33.90100098,34.49987793,32.70522461,0.598876953,-1.195776367,0.598876953,1.195776367,139.0174,36.3181,141.32,37.42,6.1,27,238.67,Kanto Basin
308,acSIT0091103111741,SIT009,2011-03-11 17:41:00,training,42.725,39.65012207,40.35674561,-3.07487793,-2.368254395,3.07487793,2.368254395,139.4826,35.9033,141.32,37.42,6.1,27,235.16,Kanto Basin
309,acSIT0131103111741,SIT013,2011-03-11 17:41:00,holdout_evaluation,50.23200195,44.34875977,46.59933838,-5.883242188,-3.632663574,5.883242188,3.632663574,139.4659,35.7966,141.32,37.42,6.1,27,244.88,Kanto Basin
310,acCHB0011103120359,CHB001,2011-03-12 03:59:00,training,41.69700195,42.73125488,42.37427002,1.03425293,0.677268066,1.03425293,0.677268066,139.8731,35.9571,138.6,36.98,6.7,8,160.92,Kanto Basin
311,acCHB0021103120359,CHB002,2011-03-12 03:59:00,training,39.83800049,38.43309814,37.49830566,-1.404902344,-2.339694824,1.404902344,2.339694824,139.9024,35.7871,138.6,36.98,6.7,8,176.6,Kanto Basin
312,acCHB0031103120359,CHB003,2011-03-12 03:59:00,training,44.73700195,29.23152832,28.57962769,-15.50547363,-16.15737427,15.50547363,16.15737427,140.0577,35.7926,138.6,36.98,6.7,8,185.63,Kanto Basin
313,acCHB0061103120359,CHB006,2011-03-12 03:59:00,training,31.99800049,28.98794922,32.33317139,-3.01005127,0.335170898,3.01005127,0.335170898,140.3073,35.779,138.6,36.98,6.7,8,202.96,Kanto Basin
314,acCHB0071103120359,CHB007,2011-03-12 03:59:00,training,51.84399902,43.61145508,51.22962646,-8.232543945,-0.614372559,8.232543945,0.614372559,140.2246,35.7237,138.6,36.98,6.7,8,201.69,Kanto Basin
315,acCHB0081103120359,CHB008,2011-03-12 03:59:00,training,37.935,34.96019531,35.83775391,-2.974804688,-2.097246094,2.974804688,2.097246094,139.9027,35.6556,138.6,36.98,6.7,8,187.9,Kanto Basin
316,acCHB0091103120359,CHB009,2011-03-12 03:59:00,training,30.40699951,31.55571777,29.093125,1.148718262,-1.313874512,1.148718262,1.313874512,140.2378,35.5871,138.6,36.98,6.7,8,213.39,Kanto Basin
317,acCHB0101103120359,CHB010,2011-03-12 03:59:00,holdout_evaluation,27.715,42.80605469,39.22885742,15.09105469,11.51385742,15.09105469,11.51385742,140.5637,35.7086,138.6,36.98,6.7,8,225.64,Kanto Basin
318,acCHB0111103120359,CHB011,2011-03-12 03:59:00,training,39.03,42.25751465,38.90041504,3.227514648,-0.129584961,3.227514648,0.129584961,140.4971,35.5877,138.6,36.98,6.7,8,229.95,Kanto Basin
319,acCHB0121103120359,CHB012,2011-03-12 03:59:00,training,54.64,56.10575195,54.84730103,1.465751953,0.207301025,1.465751953,0.207301025,140.3436,35.5721,138.6,36.98,6.7,8,221.21,Kanto Basin
320,acCHB0131103120359,CHB013,2011-03-12 03:59:00,training,79.43299805,73.02428223,77.87697266,-6.40871582,-1.556025391,6.40871582,1.556025391,140.2892,35.4294,138.6,36.98,6.7,8,229.55,Kanto Basin
321,acCHB0141103120359,CHB014,2011-03-12 03:59:00,holdout_evaluation,73.745,67.40632813,69.70583984,-6.338671875,-4.039160156,6.338671875,4.039160156,140.0454,35.471,138.6,36.98,6.7,8,212.04,Kanto Basin
322,acCHB0151103120359,CHB015,2011-03-12 03:59:00,training,50.76799805,40.22514404,52.68518555,-10.542854,1.9171875,10.542854,1.9171875,139.9199,35.3738,138.6,36.98,6.7,8,214.31,Kanto Basin
323,acCHB0171103120359,CHB017,2011-03-12 03:59:00,training,68.28299805,68.85838867,67.88367676,0.575390625,-0.399321289,0.575390625,0.399321289,140.0734,35.2976,138.6,36.98,6.7,8,229.13,Kanto Basin
324,acCHB0241103120359,CHB024,2011-03-12 03:59:00,training,59.31700195,51.48062012,54.72043457,-7.836381836,-4.596567383,7.836381836,4.596567383,140.0781,35.6337,138.6,36.98,6.7,8,199.88,Kanto Basin
325,acGNM0081103120359,GNM008,2011-03-12 03:59:00,training,40.03,36.37049316,33.86636719,-3.659506836,-6.163632812,3.659506836,6.163632812,139.1368,36.3479,138.6,36.98,6.7,8,85.04,Kanto Basin
326,acGNM0131103120359,GNM013,2011-03-12 03:59:00,training,32.54600098,31.38865234,31.56482666,-1.157348633,-0.981174316,1.157348633,0.981174316,139.0174,36.3181,138.6,36.98,6.7,8,82.48,Kanto Basin
327,acKNG0011103120359,KNG001,2011-03-12 03:59:00,training,40.10100098,37.77262207,40.48473389,-2.328378906,0.38373291,2.328378906,0.38373291,139.7061,35.5291,138.6,36.98,6.7,8,189.38,Kanto Basin
328,acKNG0021103120359,KNG002,2011-03-12 03:59:00,training,39.84199951,41.0520459,39.47873047,1.210046387,-0.363269043,1.210046387,0.363269043,139.6334,35.4372,138.6,36.98,6.7,8,195.0,Kanto Basin
329,acSIT0011103120359,SIT001,2011-03-12 03:59:00,training,35.74100098,35.51471191,33.90575684,-0.226289063,-1.835244141,0.226289063,1.835244141,139.1938,36.2431,138.6,36.98,6.7,8,97.59,Kanto Basin
330,acSIT0021103120359,SIT002,2011-03-12 03:59:00,holdout_evaluation,42.92399902,35.83046875,41.49824707,-7.093530273,-1.425751953,7.093530273,1.425751953,139.3888,36.1478,138.6,36.98,6.7,8,116.3,Kanto Basin
331,acSIT0031103120359,SIT003,2011-03-12 03:59:00,training,63.99799805,53.9307959,46.29317261,-10.06720215,-17.70482544,10.06720215,17.70482544,139.6969,36.0721,138.6,36.98,6.7,8,140.7,Kanto Basin
332,acSIT0081103120359,SIT008,2011-03-12 03:59:00,training,31.46800049,28.95605957,29.68128174,-2.511940918,-1.78671875,2.511940918,1.78671875,139.7456,35.9829,138.6,36.98,6.7,8,150.94,Kanto Basin
333,acSIT0091103120359,SIT009,2011-03-12 03:59:00,training,27.36800049,25.21742676,25.41769531,-2.15057373,-1.950305176,2.15057373,1.950305176,139.4826,35.9033,138.6,36.98,6.7,8,143.41,Kanto Basin
334,acSIT0101103120359,SIT010,2011-03-12 03:59:00,training,52.87899902,45.305625,53.0531543,-7.573374023,0.174155273,7.573374023,0.174155273,139.6478,35.9071,138.6,36.98,6.7,8,151.71,Kanto Basin
335,acSIT0131103120359,SIT013,2011-03-12 03:59:00,training,43.525,36.65962646,41.53146484,-6.865373535,-1.993535156,6.865373535,1.993535156,139.4659,35.7966,138.6,36.98,6.7,8,152.72,Kanto Basin
336,acTKY0041103120359,TKY004,2011-03-12 03:59:00,training,33.19300049,37.87781738,36.26393555,4.684816895,3.070935059,4.684816895,3.070935059,139.4034,35.6301,138.6,36.98,6.7,8,166.47,Kanto Basin
337,acTKY0051103120359,TKY005,2011-03-12 03:59:00,training,39.98800049,39.32354248,43.00517334,-0.664458008,3.017172852,0.664458008,3.017172852,139.4137,35.5798,138.6,36.98,6.7,8,171.93,Kanto Basin
338,acTKY0061103120359,TKY006,2011-03-12 03:59:00,training,27.54100098,26.00369873,27.11363281,-1.537302246,-0.427368164,1.537302246,0.427368164,139.5028,35.6989,138.6,36.98,6.7,8,163.8,Kanto Basin
339,acTKY0071103120359,TKY007,2011-03-12 03:59:00,training,59.125,44.31880859,52.6999707,-14.80619141,-6.425029297,14.80619141,6.425029297,139.6864,35.7111,138.6,36.98,6.7,8,171.39,Kanto Basin
340,acCHB0011103122215,CHB001,2011-03-12 22:15:00,training,33.65800049,35.60137695,33.05850586,1.943376465,-0.599494629,1.943376465,0.599494629,139.8731,35.9571,141.428,37.194,6.2,40,195.43,Kanto Basin
341,acCHB0091103122215,CHB009,2011-03-12 22:15:00,training,26.54800049,26.44418701,29.36313477,-0.103813477,2.815134277,0.103813477,2.815134277,140.2378,35.5871,141.428,37.194,6.2,40,208.02,Kanto Basin
342,acCHB0101103122215,CHB010,2011-03-12 22:15:00,training,58.745,58.68499512,58.99436768,-0.060004883,0.249367676,0.060004883,0.249367676,140.5637,35.7086,141.428,37.194,6.2,40,182.36,Kanto Basin
343,acCHB0121103122215,CHB012,2011-03-12 22:15:00,training,67.26799805,69.83584961,68.8246875,2.567851563,1.556689453,2.567851563,1.556689453,140.3436,35.5721,141.428,37.194,6.2,40,204.81,Kanto Basin
344,acCHB0131103122215,CHB013,2011-03-12 22:15:00,holdout_evaluation,38.50800049,42.93703125,40.08993042,4.429030762,1.581929932,4.429030762,1.581929932,140.2892,35.4294,141.428,37.194,6.2,40,221.16,Kanto Basin
345,acCHB0141103122215,CHB014,2011-03-12 22:15:00,holdout_evaluation,39.08300049,77.4690918,80.06812988,38.38609131,40.98512939,38.38609131,40.98512939,140.0454,35.471,141.428,37.194,6.2,40,228.13,Kanto Basin
346,acCHB0171103122215,CHB017,2011-03-12 22:15:00,holdout_evaluation,34.805,44.13375,38.50443848,9.32875,3.699438477,9.32875,3.699438477,140.0734,35.2976,141.428,37.194,6.2,40,243.35,Kanto Basin
347,acGNM0131103122215,GNM013,2011-03-12 22:15:00,training,41.00299805,37.33920166,39.99163574,-3.663796387,-1.011362305,3.663796387,1.011362305,139.0174,36.3181,141.428,37.194,6.2,40,235.8,Kanto Basin
348,acSIT0011103122215,SIT001,2011-03-12 22:15:00,training,19.715,18.02710938,19.24289063,-1.687890625,-0.472109375,1.687890625,0.472109375,139.1938,36.2431,141.428,37.194,6.2,40,225.46,Kanto Basin
349,acSIT0021103122215,SIT002,2011-03-12 22:15:00,training,21.73199951,27.51681396,26.04946777,5.784814453,4.317468262,5.784814453,4.317468262,139.3888,36.1478,141.428,37.194,6.2,40,215.88,Kanto Basin
350,acSIT0091103122215,SIT009,2011-03-12 22:15:00,training,22.59899902,27.28842773,24.15889648,4.689428711,1.559897461,4.689428711,1.559897461,139.4826,35.9033,141.428,37.194,6.2,40,225.37,Kanto Basin
351,acSIT0101103122215,SIT010,2011-03-12 22:15:00,training,66.19100098,63.30711426,62.9400415,-2.883886719,-3.250959473,2.883886719,3.250959473,139.6478,35.9071,141.428,37.194,6.2,40,213.92,Kanto Basin
352,acSIT0111103122215,SIT011,2011-03-12 22:15:00,holdout_evaluation,30.02399902,36.00737305,35.07467041,5.983374023,5.050671387,5.983374023,5.050671387,139.7214,35.8098,141.428,37.194,6.2,40,216.69,Kanto Basin
353,acSIT0131103122215,SIT013,2011-03-12 22:15:00,holdout_evaluation,42.24200195,32.35928955,38.23573486,-9.882712402,-4.00626709,9.882712402,4.00626709,139.4659,35.7966,141.428,37.194,6.2,40,234.31,Kanto Basin
354,acTKY0071103122215,TKY007,2011-03-12 22:15:00,holdout_evaluation,55.48399902,34.41502441,33.37712402,-21.06897461,-22.106875,21.06897461,22.106875,139.6864,35.7111,141.428,37.194,6.2,40,226.82,Kanto Basin
355,acCHB0031103131026,CHB003,2011-03-13 10:26:00,training,41.365,40.42489502,41.3528125,-0.94010498,-0.0121875,0.94010498,0.0121875,140.0577,35.7926,141.9,35.8,6.4,10,166.16,Kanto Basin
356,acCHB0061103131026,CHB006,2011-03-13 10:26:00,training,34.03300049,34.88507813,36.51154053,0.852077637,2.478540039,0.852077637,2.478540039,140.3073,35.779,141.9,35.8,6.4,10,143.68,Kanto Basin
357,acCHB0081103131026,CHB008,2011-03-13 10:26:00,training,77.12,56.6149707,57.22555664,-20.5050293,-19.89444336,20.5050293,19.89444336,139.9027,35.6556,141.9,35.8,6.4,10,181.0,Kanto Basin
358,acCHB0111103131026,CHB011,2011-03-13 10:26:00,training,45.24700195,41.22787598,45.2172998,-4.019125977,-0.029702148,4.019125977,0.029702148,140.4971,35.5877,141.9,35.8,6.4,10,128.87,Kanto Basin
359,acCHB0121103131026,CHB012,2011-03-13 10:26:00,training,63.71700195,61.26017578,65.39589355,-2.456826172,1.678891602,2.456826172,1.678891602,140.3436,35.5721,141.9,35.8,6.4,10,142.83,Kanto Basin
360,acCHB0141103131026,CHB014,2011-03-13 10:26:00,training,63.84100098,65.44959961,62.56558472,1.608598633,-1.27541626,1.608598633,1.27541626,140.0454,35.471,141.9,35.8,6.4,10,171.55,Kanto Basin
361,acCHB0151103131026,CHB015,2011-03-13 10:26:00,training,49.41,52.46604492,43.21690186,3.056044922,-6.193098145,3.056044922,6.193098145,139.9199,35.3738,141.9,35.8,6.4,10,185.22,Kanto Basin
362,acCHB0221103131026,CHB022,2011-03-13 10:26:00,training,31.00399902,27.3474707,31.53219727,-3.65652832,0.528198242,3.65652832,0.528198242,139.8555,35.3033,141.9,35.8,6.4,10,193.03,Kanto Basin
363,acCHB0241103131026,CHB024,2011-03-13 10:26:00,training,70.85600098,68.56503906,69.64058594,-2.290961914,-1.215415039,2.290961914,1.215415039,140.0781,35.6337,141.9,35.8,6.4,10,165.52,Kanto Basin
364,acGNM0081103131026,GNM008,2011-03-13 10:26:00,training,19.59599976,18.79999756,26.51854492,-0.796002197,6.922545166,0.796002197,6.922545166,139.1368,36.3479,141.9,35.8,6.4,10,255.69,Kanto Basin
365,acIBR0091103131026,IBR009,2011-03-13 10:26:00,training,44.95,44.40793945,40.88626953,-0.542060547,-4.063730469,0.542060547,4.063730469,139.7037,36.185,141.9,35.8,6.4,10,202.17,Kanto Basin
366,acKNG0011103131026,KNG001,2011-03-13 10:26:00,training,24.09600098,24.75450195,23.24211792,0.658500977,-0.853883057,0.658500977,0.853883057,139.7061,35.5291,141.9,35.8,6.4,10,200.47,Kanto Basin
367,acKNG0021103131026,KNG002,2011-03-13 10:26:00,training,44.51299805,47.11022461,44.3659314,2.597226563,-0.14706665,2.597226563,0.14706665,139.6334,35.4372,141.9,35.8,6.4,10,208.81,Kanto Basin
368,acSIT0031103131026,SIT003,2011-03-13 10:26:00,training,57.19799805,61.9712207,57.52853027,4.773222656,0.330532227,4.773222656,0.330532227,139.6969,36.0721,141.9,35.8,6.4,10,200.64,Kanto Basin
369,acSIT0081103131026,SIT008,2011-03-13 10:26:00,training,36.855,35.47688477,35.88514648,-1.378115234,-0.969853516,1.378115234,0.969853516,139.7456,35.9829,141.9,35.8,6.4,10,195.13,Kanto Basin
370,acSIT0111103131026,SIT011,2011-03-13 10:26:00,training,30.89699951,29.49847412,31.66913574,-1.398525391,0.77213623,1.398525391,0.77213623,139.7214,35.8098,141.9,35.8,6.4,10,196.47,Kanto Basin
371,acCHB0011103141002,CHB001,2011-03-14 10:02:00,training,39.84300049,38.46066406,39.55783203,-1.382336426,-0.285168457,1.382336426,0.285168457,139.8731,35.9571,141.128,36.455,6.2,32,125.47,Kanto Basin
372,acCHB0031103141002,CHB003,2011-03-14 10:02:00,training,37.08100098,41.04915039,39.91989258,3.968149414,2.838891602,3.968149414,2.838891602,140.0577,35.7926,141.128,36.455,6.2,32,121.1,Kanto Basin
373,acCHB0071103141002,CHB007,2011-03-14 10:02:00,training,37.89,43.01903809,37.95585083,5.129038086,0.06585083,5.129038086,0.06585083,140.2246,35.7237,141.128,36.455,6.2,32,114.9,Kanto Basin
374,acCHB0081103141002,CHB008,2011-03-14 10:02:00,training,56.54700195,57.69100098,57.51653931,1.143999023,0.969537354,1.143999023,0.969537354,139.9027,35.6556,141.128,36.455,6.2,32,141.54,Kanto Basin
375,acCHB0101103141002,CHB010,2011-03-14 10:02:00,training,45.38200195,50.70478516,50.10616089,5.322783203,4.724158936,5.322783203,4.724158936,140.5637,35.7086,141.128,36.455,6.2,32,97.26,Kanto Basin
376,acCHB0111103141002,CHB011,2011-03-14 10:02:00,training,70.30799805,68.4190918,69.60806152,-1.88890625,-0.699936523,1.88890625,0.699936523,140.4971,35.5877,141.128,36.455,6.2,32,111.89,Kanto Basin
377,acCHB0121103141002,CHB012,2011-03-14 10:02:00,holdout_evaluation,50.09799805,59.15606934,53.33506348,9.058071289,3.23706543,9.058071289,3.23706543,140.3436,35.5721,141.128,36.455,6.2,32,120.89,Kanto Basin
378,acCHB0131103141002,CHB013,2011-03-14 10:02:00,training,54.155,60.47387695,56.84450195,6.318876953,2.689501953,6.318876953,2.689501953,140.2892,35.4294,141.128,36.455,6.2,32,136.77,Kanto Basin
379,acCHB0141103141002,CHB014,2011-03-14 10:02:00,holdout_evaluation,83.62299805,71.96448242,74.26060059,-11.65851562,-9.362397461,11.65851562,9.362397461,140.0454,35.471,141.128,36.455,6.2,32,146.51,Kanto Basin
380,acCHB0151103141002,CHB015,2011-03-14 10:02:00,training,77.21600098,75.26449219,75.74204346,-1.951508789,-1.47395752,1.951508789,1.47395752,139.9199,35.3738,141.128,36.455,6.2,32,162.14,Kanto Basin
381,acCHB0171103141002,CHB017,2011-03-14 10:02:00,training,86.93400391,76.03111816,72.3368042,-10.90288574,-14.59719971,10.90288574,14.59719971,140.0734,35.2976,141.128,36.455,6.2,32,159.97,Kanto Basin
382,acCHB0221103141002,CHB022,2011-03-14 10:02:00,training,38.31899902,44.40322266,42.1931189,6.084223633,3.874119873,6.084223633,3.874119873,139.8555,35.3033,141.128,36.455,6.2,32,171.88,Kanto Basin
383,acCHB0241103141002,CHB024,2011-03-14 10:02:00,training,54.84399902,56.41357422,55.24351929,1.569575195,0.399520264,1.569575195,0.399520264,140.0781,35.6337,141.128,36.455,6.2,32,131.34,Kanto Basin
384,acGNM0071103141002,GNM007,2011-03-14 10:02:00,training,48.975,49.4565625,47.05789795,0.4815625,-1.917102051,0.4815625,1.917102051,139.0093,36.4637,141.128,36.455,6.2,32,189.48,Kanto Basin
385,acIBR0091103141002,IBR009,2011-03-14 10:02:00,training,39.31800049,41.94739746,39.96160645,2.629396973,0.643605957,2.629396973,0.643605957,139.7037,36.185,141.128,36.455,6.2,32,131.09,Kanto Basin
386,acKNG0021103141002,KNG002,2011-03-14 10:02:00,holdout_evaluation,73.15100098,70.77633789,68.76894165,-2.374663086,-4.382059326,2.374663086,4.382059326,139.6334,35.4372,141.128,36.455,6.2,32,175.81,Kanto Basin
387,acSIT0081103141002,SIT008,2011-03-14 10:02:00,training,47.82399902,47.07995117,46.25195801,-0.744047852,-1.572041016,0.744047852,1.572041016,139.7456,35.9829,141.128,36.455,6.2,32,134.66,Kanto Basin
388,acSIT0091103141002,SIT009,2011-03-14 10:02:00,training,38.665,39.07112793,39.27171265,0.40612793,0.606712646,0.40612793,0.606712646,139.4826,35.9033,141.128,36.455,6.2,32,159.91,Kanto Basin
389,acSIT0111103141002,SIT011,2011-03-14 10:02:00,training,53.52899902,57.70896484,52.74393555,4.17996582,-0.785063477,4.17996582,0.785063477,139.7214,35.8098,141.128,36.455,6.2,32,145.27,Kanto Basin
390,acTKY0071103141002,TKY007,2011-03-14 10:02:00,training,65.385,65.15205078,66.35874512,-0.232949219,0.973745117,0.232949219,0.973745117,139.6864,35.7111,141.128,36.455,6.2,32,153.7,Kanto Basin
391,acCHB0021103152231,CHB002,2011-03-15 22:31:00,training,59.20399902,56.95212891,58.41171875,-2.251870117,-0.792280273,2.251870117,0.792280273,139.9024,35.7871,138.71,35.31,6.4,14,120.21,Kanto Basin
392,acCHB0081103152231,CHB008,2011-03-15 22:31:00,training,57.36899902,56.27867188,58.22657471,-1.090327148,0.857575684,1.090327148,0.857575684,139.9027,35.6556,138.71,35.31,6.4,14,114.63,Kanto Basin
393,acCHB0091103152231,CHB009,2011-03-15 22:31:00,training,47.66600098,47.35143555,47.54119507,-0.31456543,-0.124805908,0.31456543,0.124805908,140.2378,35.5871,138.71,35.31,6.4,14,141.78,Kanto Basin
394,acCHB0111103152231,CHB011,2011-03-15 22:31:00,training,87.86099609,85.35104492,87.28887207,-2.509951172,-0.572124023,2.509951172,0.572124023,140.4971,35.5877,138.71,35.31,6.4,14,164.8,Kanto Basin
395,acCHB0121103152231,CHB012,2011-03-15 22:31:00,training,80.64399902,88.25120117,79.39726807,7.607202148,-1.246730957,7.607202148,1.246730957,140.3436,35.5721,138.71,35.31,6.4,14,150.83,Kanto Basin
396,acCHB0131103152231,CHB013,2011-03-15 22:31:00,holdout_evaluation,79.40299805,86.02549805,80.4169458,6.6225,1.013947754,6.6225,1.013947754,140.2892,35.4294,138.71,35.31,6.4,14,143.8,Kanto Basin
397,acCHB0141103152231,CHB014,2011-03-15 22:31:00,holdout_evaluation,85.69099609,78.41120117,77.6959375,-7.279794922,-7.995058594,7.279794922,7.995058594,140.0454,35.471,138.71,35.31,6.4,14,122.37,Kanto Basin
398,acCHB0151103152231,CHB015,2011-03-15 22:31:00,holdout_evaluation,51.25600098,63.4665625,58.1336792,12.21056152,6.877678223,12.21056152,6.877678223,139.9199,35.3738,138.71,35.31,6.4,14,109.97,Kanto Basin
399,acCHB0221103152231,CHB022,2011-03-15 22:31:00,holdout_evaluation,45.5,49.52338867,44.14385742,4.023388672,-1.356142578,4.023388672,1.356142578,139.8555,35.3033,138.71,35.31,6.4,14,103.95,Kanto Basin
400,acCHB0241103152231,CHB024,2011-03-15 22:31:00,training,49.27700195,54.87897461,50.50886597,5.601972656,1.231864014,5.601972656,1.231864014,140.0781,35.6337,138.71,35.31,6.4,14,129.01,Kanto Basin
401,acGNM0071103152231,GNM007,2011-03-15 22:31:00,training,47.88399902,45.5621582,51.59193604,-2.32184082,3.707937012,2.32184082,3.707937012,139.0093,36.4637,138.71,35.31,6.4,14,131.09,Kanto Basin
402,acGNM0081103152231,GNM008,2011-03-15 22:31:00,training,34.73300049,35.1101123,30.35806274,0.377111816,-4.374937744,0.377111816,4.374937744,139.1368,36.3479,138.71,35.31,6.4,14,121.65,Kanto Basin
403,acKNG0011103152231,KNG001,2011-03-15 22:31:00,training,41.37600098,40.64053467,42.43189941,-0.735466309,1.055898437,0.735466309,1.055898437,139.7061,35.5291,138.71,35.31,6.4,14,93.49,Kanto Basin
404,acSIT0091103152231,SIT009,2011-03-15 22:31:00,training,37.91300049,35.80674805,39.42005859,-2.106252441,1.507058105,2.106252441,1.507058105,139.4826,35.9033,138.71,35.31,6.4,14,96.08,Kanto Basin
405,acSIT0101103152231,SIT010,2011-03-15 22:31:00,holdout_evaluation,48.08,49.82203125,53.46901855,1.74203125,5.389018555,1.74203125,5.389018555,139.6478,35.9071,138.71,35.31,6.4,14,107.68,Kanto Basin
406,acSIT0111103152231,SIT011,2011-03-15 22:31:00,training,65.69399902,63.53678223,66.27006104,-2.157216797,0.576062012,2.157216797,0.576062012,139.7214,35.8098,138.71,35.31,6.4,14,107.05,Kanto Basin
407,acSIT0131103152231,SIT013,2011-03-15 22:31:00,training,33.87699951,30.73622314,35.08329834,-3.140776367,1.206298828,3.140776367,1.206298828,139.4659,35.7966,138.71,35.31,6.4,14,87.2,Kanto Basin
408,acTKY0061103152231,TKY006,2011-03-15 22:31:00,training,47.545,32.94712402,40.05316895,-14.59787598,-7.491831055,14.59787598,7.491831055,139.5028,35.6989,138.71,35.31,6.4,14,83.79,Kanto Basin
409,acCHB0081103161252,CHB008,2011-03-16 12:52:00,training,61.495,59.76858887,60.45899658,-1.726411133,-1.036003418,1.726411133,1.036003418,139.9027,35.6556,140.908,35.834,6.1,10,92.87,Kanto Basin
410,acCHB0141103161252,CHB014,2011-03-16 12:52:00,training,39.62100098,37.6825708,39.34416992,-1.938430176,-0.276831055,1.938430176,0.276831055,140.0454,35.471,140.908,35.834,6.1,10,87.77,Kanto Basin
411,acCHB0151103161252,CHB015,2011-03-16 12:52:00,training,62.22100098,62.36987305,63.3786084,0.14887207,1.157607422,0.14887207,1.157607422,139.9199,35.3738,140.908,35.834,6.1,10,102.95,Kanto Basin
412,acCHB0221103161252,CHB022,2011-03-16 12:52:00,holdout_evaluation,38.22800049,41.39843262,37.20725586,3.170432129,-1.020744629,3.170432129,1.020744629,139.8555,35.3033,140.908,35.834,6.1,10,112.0,Kanto Basin
413,acGNM0131103161252,GNM013,2011-03-16 12:52:00,training,30.52100098,29.91746582,35.75180664,-0.603535156,5.230805664,0.603535156,5.230805664,139.0174,36.3181,140.908,35.834,6.1,10,178.23,Kanto Basin
414,acIBR0091103161252,IBR009,2011-03-16 12:52:00,holdout_evaluation,60.12700195,53.23159668,47.0714502,-6.895405273,-13.05555176,6.895405273,13.05555176,139.7037,36.185,140.908,35.834,6.1,10,115.14,Kanto Basin
415,acKNG0021103161252,KNG002,2011-03-16 12:52:00,training,90.08299805,91.74966797,91.05159668,1.666669922,0.968598633,1.666669922,0.968598633,139.6334,35.4372,140.908,35.834,6.1,10,123.35,Kanto Basin
416,acSIT0031103161252,SIT003,2011-03-16 12:52:00,training,58.55100098,54.58655273,58.24714844,-3.964448242,-0.303852539,3.964448242,0.303852539,139.6969,36.0721,140.908,35.834,6.1,10,112.18,Kanto Basin
417,acSIT0081103161252,SIT008,2011-03-16 12:52:00,training,46.32399902,42.40236328,47.06781738,-3.921635742,0.743818359,3.921635742,0.743818359,139.7456,35.9829,140.908,35.834,6.1,10,105.99,Kanto Basin
418,acSIT0101103161252,SIT010,2011-03-16 12:52:00,training,62.665,59.13240723,63.92418213,-3.532592773,1.259182129,3.532592773,1.259182129,139.6478,35.9071,140.908,35.834,6.1,10,113.84,Kanto Basin
419,acSIT0111103161252,SIT011,2011-03-16 12:52:00,training,45.39299805,53.30684082,58.6901123,7.913842773,13.29711426,7.913842773,13.29711426,139.7214,35.8098,140.908,35.834,6.1,10,107.02,Kanto Basin
420,acSIT0131103161252,SIT013,2011-03-16 12:52:00,holdout_evaluation,28.75800049,32.81160156,27.94317871,4.053601074,-0.814821777,4.053601074,0.814821777,139.4659,35.7966,140.908,35.834,6.1,10,130.1,Kanto Basin
421,acTKY0041103161252,TKY004,2011-03-16 12:52:00,training,26.27899902,27.571521,26.09946533,1.292521973,-0.179533691,1.292521973,0.179533691,139.4034,35.6301,140.908,35.834,6.1,10,137.69,Kanto Basin
422,acTKY0061103161252,TKY006,2011-03-16 12:52:00,holdout_evaluation,37.17100098,36.33260254,41.80524414,-0.838398438,4.634243164,0.838398438,4.634243164,139.5028,35.6989,140.908,35.834,6.1,10,127.67,Kanto Basin
423,acTKY0071103161252,TKY007,2011-03-16 12:52:00,training,34.53800049,34.31515869,33.30345093,-0.222841797,-1.234549561,0.222841797,1.234549561,139.6864,35.7111,140.908,35.834,6.1,10,111.05,Kanto Basin
424,acCHB0011103172155,CHB001,2011-03-17 21:55:00,training,33.27399902,36.26002197,31.98407959,2.986022949,-1.289919434,2.986022949,1.289919434,139.8731,35.9571,141.3,36.7,5.8,30,152.19,Kanto Basin
425,acCHB0021103172155,CHB002,2011-03-17 21:55:00,training,43.1,47.08033203,46.01324219,3.980332031,2.913242187,3.980332031,2.913242187,139.9024,35.7871,141.3,36.7,5.8,30,161.28,Kanto Basin
426,acCHB0031103172155,CHB003,2011-03-17 21:55:00,holdout_evaluation,28.08800049,28.09878174,24.63136841,0.01078125,-3.45663208,0.01078125,3.45663208,140.0577,35.7926,141.3,36.7,5.8,30,150.3,Kanto Basin
427,acCHB0061103172155,CHB006,2011-03-17 21:55:00,training,27.86600098,30.88034668,27.58802246,3.014345703,-0.277978516,3.014345703,0.277978516,140.3073,35.779,141.3,36.7,5.8,30,135.7,Kanto Basin
428,acCHB0071103172155,CHB007,2011-03-17 21:55:00,training,47.37299805,43.45360352,43.27549438,-3.919394531,-4.097503662,3.919394531,4.097503662,140.2246,35.7237,141.3,36.7,5.8,30,145.23,Kanto Basin
429,acCHB0121103172155,CHB012,2011-03-17 21:55:00,training,83.87900391,73.70289551,79.53316895,-10.1761084,-4.345834961,10.1761084,4.345834961,140.3436,35.5721,141.3,36.7,5.8,30,152.0,Kanto Basin
430,acCHB0131103172155,CHB013,2011-03-17 21:55:00,holdout_evaluation,53.76899902,53.34986328,51.13337402,-0.419135742,-2.635625,0.419135742,2.635625,140.2892,35.4294,141.3,36.7,5.8,30,167.97,Kanto Basin
431,acIBR0091103172155,IBR009,2011-03-17 21:55:00,holdout_evaluation,49.825,49.20879883,45.43511597,-0.616201172,-4.389884033,0.616201172,4.389884033,139.7037,36.185,141.3,36.7,5.8,30,153.84,Kanto Basin
432,acSIT0031103172155,SIT003,2011-03-17 21:55:00,holdout_evaluation,75.30899902,73.06238281,74.62084961,-2.246616211,-0.688149414,2.246616211,0.688149414,139.6969,36.0721,141.3,36.7,5.8,30,159.58,Kanto Basin
433,acSIT0101103172155,SIT010,2011-03-17 21:55:00,training,42.73399902,50.14095215,44.14976318,7.406953125,1.41576416,7.406953125,1.41576416,139.6478,35.9071,141.3,36.7,5.8,30,172.31,Kanto Basin
434,acSIT0111103172155,SIT011,2011-03-17 21:55:00,holdout_evaluation,34.68899902,36.20219971,30.43859253,1.513200684,-4.250406494,1.513200684,4.250406494,139.7214,35.8098,141.3,36.7,5.8,30,172.72,Kanto Basin
435,acTKY0071103172155,TKY007,2011-03-17 21:55:00,training,48.92399902,49.57640625,48.58300171,0.652407227,-0.340997314,0.652407227,0.340997314,139.6864,35.7111,141.3,36.7,5.8,30,181.8,Kanto Basin
436,acCHB0031103191856,CHB003,2011-03-19 18:56:00,holdout_evaluation,46.34600098,45.69867676,42.23718018,-0.647324219,-4.108820801,0.647324219,4.108820801,140.0577,35.7926,140.57,36.78,6.1,5,119.01,Kanto Basin
437,acCHB0061103191856,CHB006,2011-03-19 18:56:00,training,40.045,38.60490723,38.03047974,-1.440092773,-2.014520264,1.440092773,2.014520264,140.3073,35.779,140.57,36.78,6.1,5,113.77,Kanto Basin
438,acCHB0081103191856,CHB008,2011-03-19 18:56:00,training,62.05200195,62.52111328,60.8000354,0.469111328,-1.251966553,0.469111328,1.251966553,139.9027,35.6556,140.57,36.78,6.1,5,138.62,Kanto Basin
439,acCHB0091103191856,CHB009,2011-03-19 18:56:00,holdout_evaluation,27.91100098,39.96107666,46.08708496,12.05007568,18.17608398,12.05007568,18.17608398,140.2378,35.5871,140.57,36.78,6.1,5,135.95,Kanto Basin
440,acCHB0101103191856,CHB010,2011-03-19 18:56:00,training,50.80700195,52.19499023,44.54502808,1.387988281,-6.261973877,1.387988281,6.261973877,140.5637,35.7086,140.57,36.78,6.1,5,119.14,Kanto Basin
441,acCHB0111103191856,CHB011,2011-03-19 18:56:00,training,43.795,45.70990234,44.00033081,1.914902344,0.205330811,1.914902344,0.205330811,140.4971,35.5877,140.57,36.78,6.1,5,132.74,Kanto Basin
442,acCHB0121103191856,CHB012,2011-03-19 18:56:00,training,41.29,39.24375488,41.16326172,-2.046245117,-0.126738281,2.046245117,0.126738281,140.3436,35.5721,140.57,36.78,6.1,5,135.84,Kanto Basin
443,acCHB0131103191856,CHB013,2011-03-19 18:56:00,training,49.56299805,48.47981445,49.96916504,-1.083183594,0.406166992,1.083183594,0.406166992,140.2892,35.4294,140.57,36.78,6.1,5,152.28,Kanto Basin
444,acCHB0141103191856,CHB014,2011-03-19 18:56:00,training,44.13799805,61.4640918,69.25514404,17.32609375,25.117146,17.32609375,25.117146,140.0454,35.471,140.57,36.78,6.1,5,152.99,Kanto Basin
445,acCHB0151103191856,CHB015,2011-03-19 18:56:00,training,65.335,68.37511719,65.48325195,3.040117188,0.148251953,3.040117188,0.148251953,139.9199,35.3738,140.57,36.78,6.1,5,166.92,Kanto Basin
446,acCHB0171103191856,CHB017,2011-03-19 18:56:00,training,65.0,65.76698242,64.20280029,0.766982422,-0.797199707,0.766982422,0.797199707,140.0734,35.2976,140.57,36.78,6.1,5,170.78,Kanto Basin
447,acCHB0221103191856,CHB022,2011-03-19 18:56:00,training,71.72100098,68.80506348,70.51022949,-2.9159375,-1.210771484,2.9159375,1.210771484,139.8555,35.3033,140.57,36.78,6.1,5,176.32,Kanto Basin
448,acCHB0241103191856,CHB024,2011-03-19 18:56:00,training,58.51299805,58.83544922,60.28685791,0.322451172,1.773859863,0.322451172,1.773859863,140.0781,35.6337,140.57,36.78,6.1,5,134.89,Kanto Basin
449,acGNM0071103191856,GNM007,2011-03-19 18:56:00,training,47.91200195,47.86350586,48.92264404,-0.048496094,1.01064209,0.048496094,1.01064209,139.0093,36.4637,140.57,36.78,6.1,5,143.65,Kanto Basin
450,acGNM0081103191856,GNM008,2011-03-19 18:56:00,training,42.03799805,38.73217285,38.84081177,-3.305825195,-3.197186279,3.305825195,3.197186279,139.1368,36.3479,140.57,36.78,6.1,5,136.72,Kanto Basin
451,acIBR0091103191856,IBR009,2011-03-19 18:56:00,training,61.52700195,52.87158203,59.42218262,-8.655419922,-2.104819336,8.655419922,2.104819336,139.7037,36.185,140.57,36.78,6.1,5,101.86,Kanto Basin
452,acKNG0011103191856,KNG001,2011-03-19 18:56:00,training,26.71800049,29.99254395,24.78436279,3.274543457,-1.933637695,3.274543457,1.933637695,139.7061,35.5291,140.57,36.78,6.1,5,159.26,Kanto Basin
453,acKNG0021103191856,KNG002,2011-03-19 18:56:00,training,79.99700195,76.80553223,74.66894409,-3.191469727,-5.328057861,3.191469727,5.328057861,139.6334,35.4372,140.57,36.78,6.1,5,171.38,Kanto Basin
454,acSIT0031103191856,SIT003,2011-03-19 18:56:00,training,58.005,53.92396973,50.82169922,-4.081030273,-7.183300781,4.081030273,7.183300781,139.6969,36.0721,140.57,36.78,6.1,5,110.9,Kanto Basin
455,acSIT0091103191856,SIT009,2011-03-19 18:56:00,training,44.41,43.35920898,44.33874756,-1.050791016,-0.071252441,1.050791016,0.071252441,139.4826,35.9033,140.57,36.78,6.1,5,137.8,Kanto Basin
456,acSIT0101103191856,SIT010,2011-03-19 18:56:00,holdout_evaluation,36.49399902,44.40043945,38.24796997,7.90644043,1.753970947,7.90644043,1.753970947,139.6478,35.9071,140.57,36.78,6.1,5,127.45,Kanto Basin
457,acSIT0111103191856,SIT011,2011-03-19 18:56:00,training,55.66799805,51.96178711,56.35688965,-3.706210937,0.688891602,3.706210937,0.688891602,139.7214,35.8098,140.57,36.78,6.1,5,131.99,Kanto Basin
458,acTKY0041103191856,TKY004,2011-03-19 18:56:00,training,44.35799805,42.48839355,41.8479187,-1.869604492,-2.510079346,1.869604492,2.510079346,139.4034,35.6301,140.57,36.78,6.1,5,165.24,Kanto Basin
459,acTKY0071103191856,TKY007,2011-03-19 18:56:00,training,38.78399902,40.16710449,40.81615479,1.383105469,2.032155762,1.383105469,2.032155762,139.6864,35.7111,140.57,36.78,6.1,5,142.85,Kanto Basin
460,acCHB0081103221819,CHB008,2011-03-22 18:19:00,training,68.84600098,73.75709961,69.47825073,4.911098633,0.632249756,4.911098633,0.632249756,139.9027,35.6556,141.9,37.4,6.3,10,263.56,Kanto Basin
461,acCHB0111103221819,CHB011,2011-03-22 18:19:00,training,57.10700195,52.29337891,57.39333496,-4.813623047,0.286333008,4.813623047,0.286333008,140.4971,35.5877,141.9,37.4,6.3,10,237.35,Kanto Basin
462,acCHB0121103221819,CHB012,2011-03-22 18:19:00,holdout_evaluation,55.66100098,71.53307129,64.93690552,15.87207031,9.275904541,15.87207031,9.275904541,140.3436,35.5721,141.9,37.4,6.3,10,246.31,Kanto Basin
463,acCHB0141103221819,CHB014,2011-03-22 18:19:00,training,88.20799805,88.04791016,89.71442627,-0.160087891,1.506428223,0.160087891,1.506428223,140.0454,35.471,141.9,37.4,6.3,10,271.16,Kanto Basin
464,acCHB0171103221819,CHB017,2011-03-22 18:19:00,holdout_evaluation,43.68100098,38.76253174,34.77886963,-4.918469238,-8.902131348,4.918469238,8.902131348,140.0734,35.2976,141.9,37.4,6.3,10,285.31,Kanto Basin
465,acCHB0221103221819,CHB022,2011-03-22 18:19:00,holdout_evaluation,25.68600098,33.46891602,34.1495874,7.782915039,8.463586426,7.782915039,8.463586426,139.8555,35.3033,141.9,37.4,6.3,10,296.43,Kanto Basin
466,acGNM0071103221819,GNM007,2011-03-22 18:19:00,training,39.09899902,38.16363281,35.66658447,-0.935366211,-3.432414551,0.935366211,3.432414551,139.0093,36.4637,141.9,37.4,6.3,10,277.21,Kanto Basin
467,acGNM0081103221819,GNM008,2011-03-22 18:19:00,training,28.04600098,26.98248535,27.29718506,-1.063515625,-0.748815918,1.063515625,0.748815918,139.1368,36.3479,141.9,37.4,6.3,10,272.2,Kanto Basin
468,acIBR0091103221819,IBR009,2011-03-22 18:19:00,training,57.09399902,51.44677734,47.96820313,-5.64722168,-9.125795898,5.64722168,9.125795898,139.7037,36.185,141.9,37.4,6.3,10,237.69,Kanto Basin
469,acTKY0041103221819,TKY004,2011-03-22 18:19:00,training,25.43699951,24.99685547,26.48168945,-0.440144043,1.044689941,0.440144043,1.044689941,139.4034,35.6301,141.9,37.4,6.3,10,297.49,Kanto Basin
470,acTKY0071103221819,TKY007,2011-03-22 18:19:00,holdout_evaluation,70.17200195,53.54916016,44.31906982,-16.6228418,-25.85293213,16.6228418,25.85293213,139.6864,35.7111,141.9,37.4,6.3,10,272.68,Kanto Basin
471,acCHB0011103230712,CHB001,2011-03-23 07:12:00,holdout_evaluation,39.49800049,28.36926758,25.58774414,-11.12873291,-13.91025635,11.12873291,13.91025635,139.8731,35.9571,140.79,37.08,6.0,8,149.34,Kanto Basin
472,acCHB0021103230712,CHB002,2011-03-23 07:12:00,training,21.12800049,22.52489746,25.28829834,1.396896973,4.160297852,1.396896973,4.160297852,139.9024,35.7871,140.79,37.08,6.0,8,164.23,Kanto Basin
473,acCHB0031103230712,CHB003,2011-03-23 07:12:00,training,24.12699951,25.14979736,24.6681665,1.022797852,0.541166992,1.022797852,0.541166992,140.0577,35.7926,140.79,37.08,6.0,8,157.43,Kanto Basin
474,acCHB0061103230712,CHB006,2011-03-23 07:12:00,training,25.22600098,25.25401855,28.85791016,0.028017578,3.63190918,0.028017578,3.63190918,140.3073,35.779,140.79,37.08,6.0,8,150.97,Kanto Basin
475,acCHB0071103230712,CHB007,2011-03-23 07:12:00,training,26.63199951,26.98164063,25.82646484,0.349641113,-0.805534668,0.349641113,0.805534668,140.2246,35.7237,140.79,37.08,6.0,8,159.08,Kanto Basin
476,acCHB0081103230712,CHB008,2011-03-23 07:12:00,training,25.85800049,27.9521582,27.32216187,2.094157715,1.464161377,2.094157715,1.464161377,139.9027,35.6556,140.79,37.08,6.0,8,177.19,Kanto Basin
477,acCHB0111103230712,CHB011,2011-03-23 07:12:00,training,32.55699951,30.35614014,35.63400879,-2.200859375,3.077009277,2.200859375,3.077009277,140.4971,35.5877,140.79,37.08,6.0,8,168.0,Kanto Basin
478,acCHB0151103230712,CHB015,2011-03-23 07:12:00,training,20.49100098,20.67935059,30.96927246,0.188349609,10.47827148,0.188349609,10.47827148,139.9199,35.3738,140.79,37.08,6.0,8,205.14,Kanto Basin
479,acCHB0171103230712,CHB017,2011-03-23 07:12:00,holdout_evaluation,35.57,33.28881348,32.88452148,-2.281186523,-2.685478516,2.281186523,2.685478516,140.0734,35.2976,140.79,37.08,6.0,8,208.36,Kanto Basin
480,acCHB0241103230712,CHB024,2011-03-23 07:12:00,training,26.08399902,24.43904297,24.73168457,-1.644956055,-1.352314453,1.644956055,1.352314453,140.0781,35.6337,140.79,37.08,6.0,8,172.99,Kanto Basin
481,acSIT0011103230712,SIT001,2011-03-23 07:12:00,training,36.88800049,37.35710449,45.94935303,0.469104004,9.061352539,0.469104004,9.061352539,139.1938,36.2431,140.79,37.08,6.0,8,170.09,Kanto Basin
482,acSIT0091103230712,SIT009,2011-03-23 07:12:00,training,22.07,20.67834717,22.64666992,-1.391652832,0.576669922,1.391652832,0.576669922,139.4826,35.9033,140.79,37.08,6.0,8,175.44,Kanto Basin
483,acTKY0051103230712,TKY005,2011-03-23 07:12:00,training,27.12199951,23.213125,27.64687988,-3.908874512,0.524880371,3.908874512,0.524880371,139.4137,35.5798,140.79,37.08,6.0,8,207.42,Kanto Basin
484,acTKY0071103230712,TKY007,2011-03-23 07:12:00,training,28.015,29.52648926,28.58145752,1.511489258,0.56645752,1.511489258,0.56645752,139.6864,35.7111,140.79,37.08,6.0,8,181.45,Kanto Basin
485,acCHB0091103230736,CHB009,2011-03-23 07:36:00,training,25.69199951,23.95092773,25.42099365,-1.741071777,-0.271005859,1.741071777,0.271005859,140.2378,35.5871,140.773,37.06,5.8,7,170.65,Kanto Basin
486,acCHB0121103230736,CHB012,2011-03-23 07:36:00,holdout_evaluation,64.54200195,64.10720215,60.28962524,-0.434799805,-4.252376709,0.434799805,4.252376709,140.3436,35.5721,140.773,37.06,5.8,7,169.86,Kanto Basin
487,acCHB0171103230736,CHB017,2011-03-23 07:36:00,training,46.50299805,45.32041016,45.69378906,-1.182587891,-0.809208984,1.182587891,0.809208984,140.0734,35.2976,140.773,37.06,5.8,7,205.78,Kanto Basin
488,acCHB0241103230736,CHB024,2011-03-23 07:36:00,training,27.43399902,26.88508057,26.5706604,-0.548918457,-0.863338623,0.548918457,0.863338623,140.0781,35.6337,140.773,37.06,5.8,7,170.37,Kanto Basin
489,acSIT0081103230736,SIT008,2011-03-23 07:36:00,training,32.435,30.53184814,32.74405762,-1.903151855,0.309057617,1.903151855,0.309057617,139.7456,35.9829,140.773,37.06,5.8,7,150.91,Kanto Basin
490,acSIT0091103230736,SIT009,2011-03-23 07:36:00,training,31.155,28.68353027,28.42272339,-2.471469727,-2.732276611,2.471469727,2.732276611,139.4826,35.9033,140.773,37.06,5.8,7,172.78,Kanto Basin
491,acSIT0101103230736,SIT010,2011-03-23 07:36:00,training,39.01600098,42.6353418,37.69116943,3.61934082,-1.324831543,3.61934082,1.324831543,139.6478,35.9071,140.773,37.06,5.8,7,162.95,Kanto Basin
492,acTKY0041103230736,TKY004,2011-03-23 07:36:00,training,26.04899902,27.50084473,25.66617798,1.451845703,-0.382821045,1.451845703,0.382821045,139.4034,35.6301,140.773,37.06,5.8,7,200.81,Kanto Basin
493,acTKY0051103230736,TKY005,2011-03-23 07:36:00,training,36.07199951,37.57225586,38.55055664,1.500256348,2.478557129,1.500256348,2.478557129,139.4137,35.5798,140.773,37.06,5.8,7,204.74,Kanto Basin
494,acCHB0081104111716,CHB008,2011-04-11 17:16:00,holdout_evaluation,49.40100098,68.1084082,59.30213867,18.70740723,9.901137695,18.70740723,9.901137695,139.9027,35.6556,140.67,36.95,7.0,6,159.51,Kanto Basin
495,acCHB0091104111716,CHB009,2011-04-11 17:16:00,training,45.36200195,51.77785156,45.5551416,6.415849609,0.193139648,6.415849609,0.193139648,140.2378,35.5871,140.67,36.95,7.0,6,156.42,Kanto Basin
496,acCHB0101104111716,CHB010,2011-04-11 17:16:00,training,84.09099609,66.18192871,63.64498901,-17.90906738,-20.44600708,17.90906738,20.44600708,140.5637,35.7086,140.67,36.95,7.0,6,138.37,Kanto Basin
497,acCHB0111104111716,CHB011,2011-04-11 17:16:00,training,94.58400391,77.50863281,66.61097595,-17.07537109,-27.97302795,17.07537109,27.97302795,140.4971,35.5877,140.67,36.95,7.0,6,152.27,Kanto Basin
498,acCHB0121104111716,CHB012,2011-04-11 17:16:00,training,63.90799805,65.96136719,62.8685791,2.053369141,-1.039418945,2.053369141,1.039418945,140.3436,35.5721,140.67,36.95,7.0,6,155.98,Kanto Basin
499,acCHB0171104111716,CHB017,2011-04-11 17:16:00,training,75.39100098,73.30285156,74.36528564,-2.088149414,-1.025715332,2.088149414,1.025715332,140.0734,35.2976,140.67,36.95,7.0,6,191.39,Kanto Basin
500,acCHB0221104111716,CHB022,2011-04-11 17:16:00,training,69.825,71.85797852,69.27392456,2.032978516,-0.551075439,2.032978516,0.551075439,139.8555,35.3033,140.67,36.95,7.0,6,197.17,Kanto Basin
501,acCHB0241104111716,CHB024,2011-04-11 17:16:00,training,54.41,56.16902344,52.48437866,1.759023438,-1.925621338,1.759023438,1.925621338,140.0781,35.6337,140.67,36.95,7.0,6,155.68,Kanto Basin
502,acKNG0021104111716,KNG002,2011-04-11 17:16:00,training,75.24799805,75.43404297,74.55432983,0.186044922,-0.693668213,0.186044922,0.693668213,139.6334,35.4372,140.67,36.95,7.0,6,192.22,Kanto Basin
503,acSIT0011104111716,SIT001,2011-04-11 17:16:00,training,50.09700195,50.65418945,50.09636719,0.5571875,-0.000634766,0.5571875,0.000634766,139.1938,36.2431,140.67,36.95,7.0,6,153.44,Kanto Basin
504,acSIT0081104111716,SIT008,2011-04-11 17:16:00,training,48.22299805,46.87466309,48.64533203,-1.348334961,0.422333984,1.348334961,0.422333984,139.7456,35.9829,140.67,36.95,7.0,6,135.63,Kanto Basin
505,acSIT0091104111716,SIT009,2011-04-11 17:16:00,training,61.23700195,56.17527832,54.93398193,-5.061723633,-6.30302002,5.061723633,6.30302002,139.4826,35.9033,140.67,36.95,7.0,6,157.58,Kanto Basin
506,acTKY0071104111716,TKY007,2011-04-11 17:16:00,holdout_evaluation,53.64899902,56.35820313,54.59030029,2.709204102,0.94130127,2.709204102,0.94130127,139.6864,35.7111,140.67,36.95,7.0,6,163.52,Kanto Basin
507,acCHB0081104112042,CHB008,2011-04-11 20:42:00,training,32.18,34.14386719,30.904729,1.963867188,-1.275270996,1.963867188,1.275270996,139.9027,35.6556,140.636,36.962,5.9,11,159.43,Kanto Basin
508,acCHB0091104112042,CHB009,2011-04-11 20:42:00,holdout_evaluation,25.26800049,27.57445801,25.79720825,2.30645752,0.529207764,2.30645752,0.529207764,140.2378,35.5871,140.636,36.962,5.9,11,156.99,Kanto Basin
509,acCHB0111104112042,CHB011,2011-04-11 20:42:00,holdout_evaluation,35.18199951,39.66562012,36.85235718,4.483620605,1.670357666,4.483620605,1.670357666,140.4971,35.5877,140.636,36.962,5.9,11,153.32,Kanto Basin
510,acCHB0121104112042,CHB012,2011-04-11 20:42:00,holdout_evaluation,45.92899902,52.30941406,51.12327515,6.380415039,5.194276123,6.380415039,5.194276123,140.3436,35.5721,140.636,36.962,5.9,11,156.76,Kanto Basin
511,acCHB0151104112042,CHB015,2011-04-11 20:42:00,training,28.76699951,37.91190186,28.11074524,9.144902344,-0.656254272,9.144902344,0.656254272,139.9199,35.3738,140.636,36.962,5.9,11,187.93,Kanto Basin
512,acCHB0171104112042,CHB017,2011-04-11 20:42:00,training,51.87700195,52.62907715,52.61484375,0.752075195,0.737841797,0.752075195,0.737841797,140.0734,35.2976,140.636,36.962,5.9,11,191.84,Kanto Basin
513,acIBR0091104112042,IBR009,2011-04-11 20:42:00,training,54.68299805,50.12571289,49.95292969,-4.557285156,-4.730068359,4.557285156,4.730068359,139.7037,36.185,140.636,36.962,5.9,11,119.98,Kanto Basin
514,acSIT0031104112042,SIT003,2011-04-11 20:42:00,training,62.78,57.50687012,61.19230469,-5.273129883,-1.587695313,5.273129883,1.587695313,139.6969,36.0721,140.636,36.962,5.9,11,129.75,Kanto Basin
515,acSIT0091104112042,SIT009,2011-04-11 20:42:00,training,24.54600098,24.24418457,23.79448975,-0.301816406,-0.75151123,0.301816406,0.75151123,139.4826,35.9033,140.636,36.962,5.9,11,156.54,Kanto Basin
516,acSIT0101104112042,SIT010,2011-04-11 20:42:00,training,52.47200195,49.02410156,53.01070313,-3.447900391,0.538701172,3.447900391,0.538701172,139.6478,35.9071,140.636,36.962,5.9,11,146.88,Kanto Basin
517,acCHB0011104121407,CHB001,2011-04-12 14:07:00,training,39.52399902,39.15349121,41.53259033,-0.370507812,2.008591309,0.370507812,2.008591309,139.8731,35.9571,140.64,37.05,6.4,15,139.52,Kanto Basin
518,acCHB0011104212237,CHB001,2011-04-21 22:37:00,training,38.68,40.74408936,38.63668457,2.064089355,-0.04331543,2.064089355,0.04331543,139.8731,35.9571,140.688,35.672,6.0,46,80.03,Kanto Basin
519,acCHB0011105200946,CHB001,2011-05-20 09:46:00,holdout_evaluation,18.81,19.67302124,17.13115234,0.86302124,-1.678847656,0.86302124,1.678847656,139.8731,35.9571,141.178,35.797,5.8,36,118.91,Kanto Basin
520,acCHB0011107100957,CHB001,2011-07-10 09:57:00,training,72.155,72.7676709,68.63537598,0.612670898,-3.519624023,0.612670898,3.519624023,139.8731,35.9571,143.511,38.029,7.3,34,396.76,Kanto Basin
521,acCHB0011111240424,CHB001,2011-11-24 04:24:00,training,27.17199951,27.172771,25.96118774,0.000771484,-1.210811768,0.000771484,1.210811768,139.8731,35.9571,141.615,37.327,6.1,45,217.61,Kanto Basin
522,acCHB0021106091938,CHB002,2011-06-09 19:38:00,training,43.135,43.61526855,42.30069092,0.480268555,-0.834309082,0.480268555,0.834309082,139.9024,35.7871,140.973,36.494,5.7,13,124.18,Kanto Basin
523,acCHB0021107100957,CHB002,2011-07-10 09:57:00,training,76.975,77.21809082,75.24447388,0.24309082,-1.730526123,0.24309082,1.730526123,139.9024,35.7871,143.511,38.029,7.3,34,406.25,Kanto Basin
524,acCHB0021111201023,CHB002,2011-11-20 10:23:00,training,32.22600098,34.0459082,32.59697998,1.819907227,0.370979004,1.819907227,0.370979004,139.9024,35.7871,140.59,36.707,5.3,9,119.44,Kanto Basin
525,acCHB0031104121407,CHB003,2011-04-12 14:07:00,holdout_evaluation,50.75600098,41.35370117,38.44619873,-9.402299805,-12.30980225,9.402299805,12.30980225,140.0577,35.7926,140.64,37.05,6.4,15,149.21,Kanto Basin
526,acCHB0031104131008,CHB003,2011-04-13 10:08:00,training,38.40300049,28.61990967,38.56712402,-9.78309082,0.164123535,9.78309082,0.164123535,140.0577,35.7926,140.71,36.912,5.7,5,137.5,Kanto Basin
527,acCHB0031104212237,CHB003,2011-04-21 22:37:00,training,44.01799805,47.10290527,42.01450073,3.084907227,-2.003497314,3.084907227,2.003497314,140.0577,35.7926,140.688,35.672,6.0,46,58.45,Kanto Basin
528,acCHB0031106091938,CHB003,2011-06-09 19:38:00,training,40.50899902,38.90256104,37.51496826,-1.606437988,-2.994030762,1.606437988,2.994030762,140.0577,35.7926,140.973,36.494,5.7,13,113.3,Kanto Basin
529,acCHB0031107100957,CHB003,2011-07-10 09:57:00,training,72.23299805,68.71932129,70.80636475,-3.513676758,-1.426633301,3.513676758,1.426633301,140.0577,35.7926,143.511,38.029,7.3,34,395.05,Kanto Basin
530,acCHB0031111201023,CHB003,2011-11-20 10:23:00,training,36.91899902,33.27666992,37.10112305,-3.642329102,0.182124023,3.642329102,0.182124023,140.0577,35.7926,140.59,36.707,5.3,9,112.32,Kanto Basin
531,acCHB0031111240424,CHB003,2011-11-24 04:24:00,holdout_evaluation,39.34,32.70338867,37.10055176,-6.636611328,-2.239448242,6.636611328,2.239448242,140.0577,35.7926,141.615,37.327,6.1,45,220.12,Kanto Basin
532,acCHB0061107100957,CHB006,2011-07-10 09:57:00,training,70.80700195,68.16764648,67.55769043,-2.639355469,-3.249311523,2.639355469,3.249311523,140.3073,35.779,143.511,38.029,7.3,34,379.08,Kanto Basin
533,acCHB0061111240424,CHB006,2011-11-24 04:24:00,training,32.90699951,28.74742676,34.29571289,-4.159572754,1.388713379,4.159572754,1.388713379,140.3073,35.779,141.615,37.327,6.1,45,208.02,Kanto Basin
534,acCHB0071104121407,CHB007,2011-04-12 14:07:00,training,40.38,36.03776367,39.11216797,-4.342236328,-1.267832031,4.342236328,1.267832031,140.2246,35.7237,140.64,37.05,6.4,15,152.09,Kanto Basin
535,acCHB0071104131008,CHB007,2011-04-13 10:08:00,training,42.98200195,39.06693359,44.71449707,-3.915068359,1.732495117,3.915068359,1.732495117,140.2246,35.7237,140.71,36.912,5.7,5,139.11,Kanto Basin
536,acCHB0071107100957,CHB007,2011-07-10 09:57:00,training,70.00899902,67.70820801,70.94908203,-2.300791016,0.940083008,2.300791016,0.940083008,140.2246,35.7237,143.511,38.029,7.3,34,388.74,Kanto Basin
537,acCHB0071111240424,CHB007,2011-11-24 04:24:00,holdout_evaluation,29.77300049,31.30999512,32.30026367,1.536994629,2.527263184,1.536994629,2.527263184,140.2246,35.7237,141.615,37.327,6.1,45,217.29,Kanto Basin
538,acCHB0081104120808,CHB008,2011-04-12 08:08:00,training,86.13799805,81.01055664,82.54375488,-5.127441406,-3.594243164,5.127441406,3.594243164,139.9027,35.6556,140.87,35.479,6.4,26,89.67,Kanto Basin
539,acCHB0081107100957,CHB008,2011-07-10 09:57:00,training,74.50100098,73.80632813,72.9415332,-0.694672852,-1.559467773,0.694672852,1.559467773,139.9027,35.6556,143.511,38.029,7.3,34,415.57,Kanto Basin
540,acCHB0091104121407,CHB009,2011-04-12 14:07:00,training,26.85199951,29.44928711,26.1060022,2.597287598,-0.745997314,2.597287598,0.745997314,140.2378,35.5871,140.64,37.05,6.4,15,166.61,Kanto Basin
541,acCHB0091104131008,CHB009,2011-04-13 10:08:00,holdout_evaluation,46.485,36.95493896,46.39853516,-9.530061035,-0.086464844,9.530061035,0.086464844,140.2378,35.5871,140.71,36.912,5.7,5,153.29,Kanto Basin
542,acCHB0091104212237,CHB009,2011-04-21 22:37:00,training,74.38399902,72.10511719,77.78967285,-2.278881836,3.405673828,2.278881836,3.405673828,140.2378,35.5871,140.688,35.672,6.0,46,41.77,Kanto Basin
543,acCHB0101104121407,CHB010,2011-04-12 14:07:00,training,59.08200195,53.49455566,50.54636353,-5.587446289,-8.535638428,5.587446289,8.535638428,140.5637,35.7086,140.64,37.05,6.4,15,149.31,Kanto Basin
544,acCHB0101107100957,CHB010,2011-07-10 09:57:00,training,47.26899902,49.03518555,47.88163574,1.766186523,0.612636719,1.766186523,0.612636719,140.5637,35.7086,143.511,38.029,7.3,34,367.81,Kanto Basin
545,acCHB0101111240424,CHB010,2011-11-24 04:24:00,holdout_evaluation,40.48,41.48584961,41.65970215,1.005849609,1.179702148,1.005849609,1.179702148,140.5637,35.7086,141.615,37.327,6.1,45,203.0,Kanto Basin
546,acCHB0111104121407,CHB011,2011-04-12 14:07:00,training,68.80600098,59.30605469,69.53130127,-9.499946289,0.725300293,9.499946289,0.725300293,140.4971,35.5877,140.64,37.05,6.4,15,163.1,Kanto Basin
547,acCHB0111106091938,CHB011,2011-06-09 19:38:00,holdout_evaluation,63.77200195,56.46612305,54.04758301,-7.305878906,-9.724418945,7.305878906,9.724418945,140.4971,35.5877,140.973,36.494,5.7,13,109.48,Kanto Basin
548,acCHB0111107100957,CHB011,2011-07-10 09:57:00,training,67.195,72.15467773,64.24477661,4.959677734,-2.950223389,4.959677734,2.950223389,140.4971,35.5877,143.511,38.029,7.3,34,381.64,Kanto Basin
549,acCHB0121104121407,CHB012,2011-04-12 14:07:00,training,48.65,52.41915039,47.49890869,3.769150391,-1.151091309,3.769150391,1.151091309,140.3436,35.5721,140.64,37.05,6.4,15,166.47,Kanto Basin
550,acCHB0121104131008,CHB012,2011-04-13 10:08:00,training,58.91299805,57.50332031,59.97697266,-1.409677734,1.063974609,1.409677734,1.063974609,140.3436,35.5721,140.71,36.912,5.7,5,152.57,Kanto Basin
551,acCHB0121105200946,CHB012,2011-05-20 09:46:00,training,60.26200195,56.03722656,61.03027832,-4.224775391,0.768276367,4.224775391,0.768276367,140.3436,35.5721,141.178,35.797,5.8,36,79.4,Kanto Basin
552,acCHB0121106091938,CHB012,2011-06-09 19:38:00,holdout_evaluation,63.68100098,53.15817383,60.30736816,-10.52282715,-3.373632812,10.52282715,3.373632812,140.3436,35.5721,140.973,36.494,5.7,13,117.1,Kanto Basin
553,acCHB0121107100957,CHB012,2011-07-10 09:57:00,holdout_evaluation,76.29100098,72.02052734,73.05557129,-4.270473633,-3.235429688,4.270473633,3.235429688,140.3436,35.5721,143.511,38.029,7.3,34,392.59,Kanto Basin
554,acCHB0121111201023,CHB012,2011-11-20 10:23:00,training,44.03700195,46.10296387,44.34484619,2.065961914,0.307844238,2.065961914,0.307844238,140.3436,35.5721,140.59,36.707,5.3,9,128.12,Kanto Basin
555,acCHB0121111240424,CHB012,2011-11-24 04:24:00,training,39.26899902,39.77435303,35.86479492,0.505354004,-3.404204102,0.505354004,3.404204102,140.3436,35.5721,141.615,37.327,6.1,45,225.85,Kanto Basin
556,acCHB0131104120808,CHB013,2011-04-12 08:08:00,training,65.92600098,65.39489258,60.81249756,-0.531108398,-5.113503418,0.531108398,5.113503418,140.2892,35.4294,140.87,35.479,6.4,26,52.9,Kanto Basin
557,acCHB0131104121407,CHB013,2011-04-12 14:07:00,training,40.58399902,41.06981445,40.39927612,0.48581543,-0.1847229,0.48581543,0.1847229,140.2892,35.4294,140.64,37.05,6.4,15,182.93,Kanto Basin
558,acCHB0131104131008,CHB013,2011-04-13 10:08:00,training,30.46699951,31.56425049,30.82291504,1.097250977,0.355915527,1.097250977,0.355915527,140.2892,35.4294,140.71,36.912,5.7,5,169.13,Kanto Basin
559,acCHB0131107100957,CHB013,2011-07-10 09:57:00,training,32.73100098,34.22156494,33.34240479,1.490563965,0.611403809,1.490563965,0.611403809,140.2892,35.4294,143.511,38.029,7.3,34,407.37,Kanto Basin
560,acCHB0131111240424,CHB013,2011-11-24 04:24:00,training,24.15100098,31.38008789,28.78903931,7.229086914,4.63803833,7.229086914,4.63803833,140.2892,35.4294,141.615,37.327,6.1,45,242.09,Kanto Basin
561,acCHB0141104121407,CHB014,2011-04-12 14:07:00,training,69.06700195,67.34545898,71.01918457,-1.721542969,1.952182617,1.721542969,1.952182617,140.0454,35.471,140.64,37.05,6.4,15,183.49,Kanto Basin
562,acCHB0141105200946,CHB014,2011-05-20 09:46:00,training,67.06100098,70.50361328,71.95899414,3.442612305,4.897993164,3.442612305,4.897993164,140.0454,35.471,141.178,35.797,5.8,36,108.59,Kanto Basin
563,acCHB0141107100957,CHB014,2011-07-10 09:57:00,training,79.62299805,77.65616211,79.47010986,-1.966835937,-0.152888184,1.966835937,0.152888184,140.0454,35.471,143.511,38.029,7.3,34,419.75,Kanto Basin
564,acCHB0141111240424,CHB014,2011-11-24 04:24:00,holdout_evaluation,73.93600098,54.82272949,55.45153564,-19.11327148,-18.48446533,19.11327148,18.48446533,140.0454,35.471,141.615,37.327,6.1,45,249.64,Kanto Basin
565,acCHB0151104212237,CHB015,2011-04-21 22:37:00,training,100.655,101.8969043,100.6426135,1.241904297,-0.012386475,1.241904297,0.012386475,139.9199,35.3738,140.688,35.672,6.0,46,77.02,Kanto Basin
566,acCHB0151107100957,CHB015,2011-07-10 09:57:00,training,52.41899902,52.18590332,51.4568457,-0.233095703,-0.96215332,0.233095703,0.96215332,139.9199,35.3738,143.511,38.029,7.3,34,435.44,Kanto Basin
567,acCHB0171104121407,CHB017,2011-04-12 14:07:00,training,65.96299805,68.89049805,64.01367432,2.9275,-1.94932373,2.9275,1.94932373,140.0734,35.2976,140.64,37.05,6.4,15,201.38,Kanto Basin
568,acCHB0171104131008,CHB017,2011-04-13 10:08:00,training,54.37299805,58.68459961,54.81062012,4.311601563,0.43762207,4.311601563,0.43762207,140.0734,35.2976,140.71,36.912,5.7,5,188.4,Kanto Basin
569,acCHB0171106091938,CHB017,2011-06-09 19:38:00,training,69.28100098,66.84800293,66.49134277,-2.432998047,-2.789658203,2.432998047,2.789658203,140.0734,35.2976,140.973,36.494,5.7,13,155.77,Kanto Basin
570,acCHB0171107100957,CHB017,2011-07-10 09:57:00,training,81.67700195,77.47556641,84.11377441,-4.201435547,2.436772461,4.201435547,2.436772461,140.0734,35.2976,143.511,38.029,7.3,34,431.51,Kanto Basin
571,acCHB0221104121407,CHB022,2011-04-12 14:07:00,training,48.59100098,51.21169922,51.2452478,2.620698242,2.654246826,2.620698242,2.654246826,139.8555,35.3033,140.64,37.05,6.4,15,206.59,Kanto Basin
572,acCHB0221107100957,CHB022,2011-07-10 09:57:00,training,33.485,33.66108398,34.18936035,0.176083984,0.704360352,0.176083984,0.704360352,139.8555,35.3033,143.511,38.029,7.3,34,445.08,Kanto Basin
573,acCHB0221107250351,CHB022,2011-07-25 03:51:00,training,25.75199951,26.49908447,26.68291626,0.747084961,0.930916748,0.747084961,0.930916748,139.8555,35.3033,141.63,37.705,6.3,46,310.59,Kanto Basin
574,acCHB0241104131008,CHB024,2011-04-13 10:08:00,holdout_evaluation,42.27799805,32.47668945,35.25064453,-9.801308594,-7.027353516,9.801308594,7.027353516,140.0781,35.6337,140.71,36.912,5.7,5,153.01,Kanto Basin
575,acCHB0241107100957,CHB024,2011-07-10 09:57:00,training,95.99599609,84.77570313,85.48416016,-11.22029297,-10.51183594,11.22029297,10.51183594,140.0781,35.6337,143.511,38.029,7.3,34,405.27,Kanto Basin
576,acCHB0241111201023,CHB024,2011-11-20 10:23:00,training,26.07899902,26.85778809,26.89456909,0.778789062,0.815570068,0.778789062,0.815570068,140.0781,35.6337,140.59,36.707,5.3,9,127.89,Kanto Basin
577,acGNM0071104120808,GNM007,2011-04-12 08:08:00,training,38.58399902,35.6224585,40.30276855,-2.961540527,1.718769531,2.961540527,1.718769531,139.0093,36.4637,140.87,35.479,6.4,26,200.06,Kanto Basin
578,acGNM0071104131008,GNM007,2011-04-13 10:08:00,training,28.85300049,26.77283203,31.88333008,-2.080168457,3.03032959,2.080168457,3.03032959,139.0093,36.4637,140.71,36.912,5.7,5,159.63,Kanto Basin
579,acGNM0071107100957,GNM007,2011-07-10 09:57:00,training,68.23100098,67.9519043,71.45989258,-0.27909668,3.228891602,0.27909668,3.228891602,139.0093,36.4637,143.511,38.029,7.3,34,434.76,Kanto Basin
580,acGNM0071109212230,GNM007,2011-09-21 22:30:00,training,43.17100098,36.34812744,36.73733643,-6.822873535,-6.433664551,6.822873535,6.433664551,139.0093,36.4637,140.58,36.734,5.2,9,143.4,Kanto Basin
581,acGNM0071110101146,GNM007,2011-10-10 11:46:00,training,30.90699951,24.87600586,28.58810791,-6.030993652,-2.318891602,6.030993652,2.318891602,139.0093,36.4637,141.488,37.504,5.6,47,248.69,Kanto Basin
582,acGNM0071111201023,GNM007,2011-11-20 10:23:00,training,26.29699951,26.03182373,29.28095703,-0.265175781,2.98395752,0.265175781,2.98395752,139.0093,36.4637,140.59,36.707,5.3,9,143.7,Kanto Basin
583,acGNM0081104121407,GNM008,2011-04-12 14:07:00,training,40.50800049,39.88196045,42.97270752,-0.626040039,2.464707031,0.626040039,2.464707031,139.1368,36.3479,140.64,37.05,6.4,15,155.1,Kanto Basin
584,acGNM0081106091938,GNM008,2011-06-09 19:38:00,training,24.43899902,26.12625977,24.51952881,1.687260742,0.080529785,1.687260742,0.080529785,139.1368,36.3479,140.973,36.494,5.7,13,165.09,Kanto Basin
585,acGNM0081107100957,GNM008,2011-07-10 09:57:00,training,37.52699951,31.47472656,35.12859619,-6.052272949,-2.39840332,6.052272949,2.39840332,139.1368,36.3479,143.511,38.029,7.3,34,430.15,Kanto Basin
586,acGNM0081107250351,GNM008,2011-07-25 03:51:00,training,32.09399902,29.88146484,34.26993408,-2.21253418,2.175935059,2.21253418,2.175935059,139.1368,36.3479,141.63,37.705,6.3,46,267.86,Kanto Basin
587,acGNM0081109212230,GNM008,2011-09-21 22:30:00,holdout_evaluation,22.63399902,25.78330811,29.40080566,3.149309082,6.766806641,3.149309082,6.766806641,139.1368,36.3479,140.58,36.734,5.2,9,135.89,Kanto Basin
588,acGNM0081111201023,GNM008,2011-11-20 10:23:00,training,25.31199951,25.40676514,28.1120459,0.094765625,2.800046387,0.094765625,2.800046387,139.1368,36.3479,140.59,36.707,5.3,9,135.85,Kanto Basin
589,acGNM0131104120808,GNM013,2011-04-12 08:08:00,training,36.89399902,33.71269043,37.46475098,-3.181308594,0.570751953,3.181308594,0.570751953,139.0174,36.3181,140.87,35.479,6.4,26,191.18,Kanto Basin
590,acGNM0131107100957,GNM013,2011-07-10 09:57:00,training,43.28399902,41.65226563,44.86738037,-1.631733398,1.583381348,1.631733398,1.583381348,139.0174,36.3181,143.511,38.029,7.3,34,441.19,Kanto Basin
591,acIBR0091104212237,IBR009,2011-04-21 22:37:00,training,63.53,62.39339844,62.55240967,-1.136601563,-0.977590332,1.136601563,0.977590332,139.7037,36.185,140.688,35.672,6.0,46,105.4,Kanto Basin
592,acIBR0091105200946,IBR009,2011-05-20 09:46:00,training,52.80700195,52.77378906,56.93757813,-0.033212891,4.130576172,0.033212891,4.130576172,139.7037,36.185,141.178,35.797,5.8,36,139.48,Kanto Basin
593,acIBR0091106091938,IBR009,2011-06-09 19:38:00,holdout_evaluation,33.07699951,35.25182617,33.9668103,2.17482666,0.889810791,2.17482666,0.889810791,139.7037,36.185,140.973,36.494,5.7,13,118.77,Kanto Basin
594,acIBR0091107100957,IBR009,2011-07-10 09:57:00,training,61.9,63.07201172,61.76460449,1.172011719,-0.135395508,1.172011719,0.135395508,139.7037,36.185,143.511,38.029,7.3,34,394.96,Kanto Basin
595,acIBR0091107250351,IBR009,2011-07-25 03:51:00,training,49.68299805,49.96622559,50.14550781,0.283227539,0.462509766,0.283227539,0.462509766,139.7037,36.185,141.63,37.705,6.3,46,240.55,Kanto Basin
596,acIBR0091109212230,IBR009,2011-09-21 22:30:00,holdout_evaluation,42.71100098,40.26943848,48.5175,-2.4415625,5.806499023,2.4415625,5.806499023,139.7037,36.185,140.58,36.734,5.2,9,99.34,Kanto Basin
597,acIBR0091111240424,IBR009,2011-11-24 04:24:00,holdout_evaluation,37.86699951,40.33358398,38.28616943,2.466584473,0.419169922,2.466584473,0.419169922,139.7037,36.185,141.615,37.327,6.1,45,212.4,Kanto Basin
598,acKNG0011107100957,KNG001,2011-07-10 09:57:00,training,33.62800049,30.3501123,33.12071777,-3.277888184,-0.507282715,3.277888184,0.507282715,139.7061,35.5291,143.511,38.029,7.3,34,438.22,Kanto Basin
599,acKNG0021104121407,KNG002,2011-04-12 14:07:00,training,72.07700195,72.01614258,73.59588379,-0.060859375,1.518881836,0.060859375,1.518881836,139.6334,35.4372,140.64,37.05,6.4,15,200.77,Kanto Basin
600,acKNG0021107100957,KNG002,2011-07-10 09:57:00,training,57.475,58.24032227,56.63034912,0.765322266,-0.844650879,0.765322266,0.844650879,139.6334,35.4372,143.511,38.029,7.3,34,449.88,Kanto Basin
601,acSIT0011104131008,SIT001,2011-04-13 10:08:00,training,43.155,45.36789063,50.94316406,2.212890625,7.788164063,2.212890625,7.788164063,139.1938,36.2431,140.71,36.912,5.7,5,154.47,Kanto Basin
602,acSIT0011107100957,SIT001,2011-07-10 09:57:00,training,40.84699951,36.27092773,34.70564209,-4.576071777,-6.141357422,4.576071777,6.141357422,139.1938,36.2431,143.511,38.029,7.3,34,431.09,Kanto Basin
603,acSIT0021107100957,SIT002,2011-07-10 09:57:00,training,49.21399902,48.75493164,46.8581311,-0.459067383,-2.35586792,0.459067383,2.35586792,139.3888,36.1478,143.511,38.029,7.3,34,421.19,Kanto Basin
604,acSIT0031107100957,SIT003,2011-07-10 09:57:00,training,84.20200195,83.87950195,82.31161621,-0.3225,-1.890385742,0.3225,1.890385742,139.6969,36.0721,143.511,38.029,7.3,34,402.34,Kanto Basin
605,acSIT0081104131008,SIT008,2011-04-13 10:08:00,training,33.89399902,32.52135742,33.15170166,-1.372641602,-0.742297363,1.372641602,0.742297363,139.7456,35.9829,140.71,36.912,5.7,5,134.59,Kanto Basin
606,acSIT0081104212237,SIT008,2011-04-21 22:37:00,training,70.22899902,59.29879883,67.44642334,-10.9302002,-2.782575684,10.9302002,2.782575684,139.7456,35.9829,140.688,35.672,6.0,46,91.73,Kanto Basin
607,acSIT0081106091938,SIT008,2011-06-09 19:38:00,training,29.40100098,32.03179443,30.42728638,2.630793457,1.0262854,2.630793457,1.0262854,139.7456,35.9829,140.973,36.494,5.7,13,123.88,Kanto Basin
608,acSIT0081107100957,SIT008,2011-07-10 09:57:00,training,40.22399902,40.28542725,37.43960205,0.061428223,-2.784396973,0.061428223,2.784396973,139.7456,35.9829,143.511,38.029,7.3,34,404.37,Kanto Basin
609,acSIT0091104131008,SIT009,2011-04-13 10:08:00,training,22.27,27.80263184,26.14168457,5.532631836,3.87168457,5.532631836,3.87168457,139.4826,35.9033,140.71,36.912,5.7,5,156.99,Kanto Basin
610,acSIT0091106091938,SIT009,2011-06-09 19:38:00,training,29.50899902,27.73725342,28.97098145,-1.771745605,-0.538017578,1.771745605,0.538017578,139.4826,35.9033,140.973,36.494,5.7,13,148.99,Kanto Basin
611,acSIT0091107100957,SIT009,2011-07-10 09:57:00,training,32.54800049,27.50697754,34.02616943,-5.041022949,1.478168945,5.041022949,1.478168945,139.4826,35.9033,143.511,38.029,7.3,34,428.84,Kanto Basin
612,acSIT0091107250351,SIT009,2011-07-25 03:51:00,training,30.43100098,31.17054199,33.56227051,0.739541016,3.131269531,0.739541016,3.131269531,139.4826,35.9033,141.63,37.705,6.3,46,276.91,Kanto Basin
613,acSIT0091111201023,SIT009,2011-11-20 10:23:00,training,24.06199951,25.33417236,25.41674683,1.272172852,1.354747314,1.272172852,1.354747314,139.4826,35.9033,140.59,36.707,5.3,9,133.54,Kanto Basin
614,acSIT0091111240424,SIT009,2011-11-24 04:24:00,training,40.86399902,38.05104248,37.60973389,-2.812956543,-3.254265137,2.812956543,3.254265137,139.4826,35.9033,141.615,37.327,6.1,45,247.54,Kanto Basin
615,acSIT0101107100957,SIT010,2011-07-10 09:57:00,training,66.80600098,63.0813623,65.22270996,-3.724638672,-1.583291016,3.724638672,1.583291016,139.6478,35.9071,143.511,38.029,7.3,34,416.43,Kanto Basin
616,acSIT0111104121407,SIT011,2011-04-12 14:07:00,training,69.81,62.93214844,68.1016748,-6.877851563,-1.708325195,6.877851563,1.708325195,139.7214,35.8098,140.64,37.05,6.4,15,160.53,Kanto Basin
617,acSIT0111107100957,SIT011,2011-07-10 09:57:00,training,40.91199951,42.40569824,41.94690186,1.49369873,1.034902344,1.49369873,1.034902344,139.7214,35.8098,143.511,38.029,7.3,34,417.53,Kanto Basin
618,acSIT0111111201023,SIT011,2011-11-20 10:23:00,training,31.36300049,30.95658936,34.37256348,-0.406411133,3.009562988,0.406411133,3.009562988,139.7214,35.8098,140.59,36.707,5.3,9,126.56,Kanto Basin
619,acSIT0131104121407,SIT013,2011-04-12 14:07:00,training,27.98600098,28.44345703,29.35444824,0.457456055,1.368447266,0.457456055,1.368447266,139.4659,35.7966,140.64,37.05,6.4,15,174.52,Kanto Basin
620,acSIT0131107100957,SIT013,2011-07-10 09:57:00,holdout_evaluation,29.985,39.26413086,30.16648804,9.279130859,0.181488037,9.279130859,0.181488037,139.4659,35.7966,143.511,38.029,7.3,34,436.91,Kanto Basin
621,acTKY0041104121407,TKY004,2011-04-12 14:07:00,training,36.04199951,35.2505127,35.67712402,-0.791486816,-0.364875488,0.791486816,0.364875488,139.4034,35.6301,140.64,37.05,6.4,15,192.86,Kanto Basin
622,acTKY0041107100957,TKY004,2011-07-10 09:57:00,training,68.04899902,68.63468262,69.73743652,0.585683594,1.6884375,0.585683594,1.6884375,139.4034,35.6301,143.511,38.029,7.3,34,452.48,Kanto Basin
623,acTKY0041107250351,TKY004,2011-07-25 03:51:00,training,26.06699951,24.97726563,25.86823975,-1.089733887,-0.198759766,1.089733887,0.198759766,139.4034,35.6301,141.63,37.705,6.3,46,304.4,Kanto Basin
624,acTKY0041111240424,TKY004,2011-11-24 04:24:00,training,40.66899902,26.89425537,33.92130859,-13.77474365,-6.74769043,13.77474365,6.74769043,139.4034,35.6301,141.615,37.327,6.1,45,273.3,Kanto Basin
625,acTKY0051104121407,TKY005,2011-04-12 14:07:00,holdout_evaluation,60.17899902,62.35877441,56.45191284,2.179775391,-3.727086182,2.179775391,3.727086182,139.4137,35.5798,140.64,37.05,6.4,15,196.97,Kanto Basin
626,acTKY0051107100957,TKY005,2011-07-10 09:57:00,training,76.85299805,75.0067334,77.27645996,-1.846264648,0.423461914,1.846264648,0.423461914,139.4137,35.5798,143.511,38.029,7.3,34,455.16,Kanto Basin
627,acTKY0061104121407,TKY006,2011-04-12 14:07:00,training,28.21300049,27.42818359,27.38057129,-0.784816895,-0.832429199,0.784816895,0.832429199,139.5028,35.6989,140.64,37.05,6.4,15,181.48,Kanto Basin
628,acTKY0061104131008,TKY006,2011-04-13 10:08:00,training,23.25899902,27.0965918,26.51221924,3.837592773,3.253220215,3.837592773,3.253220215,139.5028,35.6989,140.71,36.912,5.7,5,172.91,Kanto Basin
629,acTKY0061107100957,TKY006,2011-07-10 09:57:00,training,28.50100098,27.37907227,30.23469238,-1.121928711,1.733691406,1.121928711,1.733691406,139.5028,35.6989,143.511,38.029,7.3,34,440.7,Kanto Basin
630,acTKY0071104121407,TKY007,2011-04-12 14:07:00,training,31.695,32.88420898,30.95952881,1.189208984,-0.735471191,1.189208984,0.735471191,139.6864,35.7111,140.64,37.05,6.4,15,171.62,Kanto Basin
631,acTKY0071106091938,TKY007,2011-06-09 19:38:00,training,31.69300049,29.69073242,31.89009277,-2.002268066,0.197092285,2.002268066,0.197092285,139.6864,35.7111,140.973,36.494,5.7,13,144.7,Kanto Basin
632,acTKY0071107100957,TKY007,2011-07-10 09:57:00,training,71.59700195,67.96867676,69.83143799,-3.628325195,-1.765563965,3.628325195,1.765563965,139.6864,35.7111,143.511,38.029,7.3,34,426.76,Kanto Basin
633,acCHB0012001030324,CHB001,2020-01-03 03:24:00,training,40.62300049,33.16922363,34.17708984,-7.453776855,-6.445910645,7.453776855,6.445910645,139.8731,35.9571,141.118,35.807,5.8,34,113.39,Kanto Basin
634,acCHB0012005042207,CHB001,2020-05-04 22:07:00,training,39.28800049,35.1573291,35.21627197,-4.130671387,-4.071728516,4.130671387,4.071728516,139.8731,35.9571,140.613,35.727,5.6,48,71.43,Kanto Basin
635,acCHB0012006250447,CHB001,2020-06-25 04:47:00,training,45.60200195,46.67158203,44.78850708,1.069580078,-0.813494873,1.069580078,0.813494873,139.8731,35.9571,141.115,35.55,6.1,36,120.86,Kanto Basin
636,acCHB0012104180929,CHB001,2021-04-18 09:29:00,training,33.87300049,32.99870117,35.98735107,-0.874299316,2.114350586,0.874299316,2.114350586,139.8731,35.9571,141.867,38.314,5.8,48,316.09,Kanto Basin
637,acCHB0012108040533,CHB001,2021-08-04 05:33:00,holdout_evaluation,36.09600098,15.8300769,13.79327148,-20.26592407,-22.30272949,20.26592407,22.30272949,139.8731,35.9571,141.808,36.202,6.0,18,176.0,Kanto Basin
638,acCHB0012403020149,CHB001,2024-03-02 01:49:00,training,23.93800049,24.61304199,26.9582959,0.675041504,3.02029541,0.675041504,3.02029541,139.8731,35.9571,140.35,35.312,5.0,26,83.68,Kanto Basin
639,acCHB0021908041923,CHB002,2019-08-04 19:23:00,training,98.79299805,88.76373047,91.21169434,-10.02926758,-7.581303711,10.02926758,7.581303711,139.9024,35.7871,141.63,37.71,6.4,45,263.45,Kanto Basin
640,acCHB0031908041923,CHB003,2019-08-04 19:23:00,training,36.59399902,34.86790283,38.453479,-1.726096191,1.85947998,1.726096191,1.85947998,140.0577,35.7926,141.63,37.71,6.4,45,255.1,Kanto Basin
641,acCHB0032105140858,CHB003,2021-05-14 08:58:00,holdout_evaluation,34.08399902,31.22307129,33.42773438,-2.860927734,-0.656264648,2.860927734,0.656264648,140.0577,35.7926,141.765,37.695,6.3,46,260.54,Kanto Basin
642,acCHB0032108040533,CHB003,2021-08-04 05:33:00,training,22.26899902,20.92145752,20.69286621,-1.347541504,-1.576132813,1.347541504,1.576132813,140.0577,35.7926,141.808,36.202,6.0,18,163.91,Kanto Basin
643,acCHB0032305261903,CHB003,2023-05-26 19:03:00,training,42.75600098,43.55342773,42.4286499,0.797426758,-0.327351074,0.797426758,0.327351074,140.0577,35.7926,140.675,35.637,6.2,50,58.36,Kanto Basin
644,acCHB0032510050021,CHB003,2025-10-05 00:21:00,training,39.72199951,40.3534375,40.8091748,0.631437988,1.087175293,0.631437988,1.087175293,140.0577,35.7926,141.588,37.415,6.0,45,226.28,Kanto Basin
645,acCHB0061908041923,CHB006,2019-08-04 19:23:00,training,43.27200195,42.64890137,42.72783081,-0.623100586,-0.544171143,0.623100586,0.544171143,140.3073,35.779,141.63,37.71,6.4,45,244.93,Kanto Basin
646,acCHB0062305261903,CHB006,2023-05-26 19:03:00,training,77.54200195,65.42438477,70.97688477,-12.11761719,-6.565117187,12.11761719,6.565117187,140.3073,35.779,140.675,35.637,6.2,50,36.76,Kanto Basin
647,acCHB0071908041923,CHB007,2019-08-04 19:23:00,training,54.5,55.01791992,55.33908447,0.517919922,0.839084473,0.517919922,0.839084473,140.2246,35.7237,141.63,37.71,6.4,45,253.91,Kanto Basin
648,acCHB0072104180929,CHB007,2021-04-18 09:29:00,training,47.51200195,44.04454102,47.01364502,-3.467460938,-0.498356934,3.467460938,0.498356934,140.2246,35.7237,141.867,38.314,5.8,48,322.82,Kanto Basin
649,acCHB0072510050021,CHB007,2025-10-05 00:21:00,training,69.32899902,67.19102051,65.61307861,-2.137978516,-3.71592041,2.137978516,3.71592041,140.2246,35.7237,141.588,37.415,6.0,45,224.03,Kanto Basin
650,acCHB0082108040533,CHB008,2021-08-04 05:33:00,training,39.31,34.83489014,36.80742432,-4.475109863,-2.502575684,4.475109863,2.502575684,139.9027,35.6556,141.808,36.202,6.0,18,181.99,Kanto Basin
651,acCHB0082510050021,CHB008,2025-10-05 00:21:00,holdout_evaluation,61.94100098,55.04361328,59.86145508,-6.897387695,-2.079545898,6.897387695,2.079545898,139.9027,35.6556,141.588,37.415,6.0,45,246.86,Kanto Basin
652,acCHB0092006250447,CHB009,2020-06-25 04:47:00,holdout_evaluation,62.11200195,54.92628906,62.32252441,-7.185712891,0.210522461,7.185712891,0.210522461,140.2378,35.5871,141.115,35.55,6.1,36,79.45,Kanto Basin
653,acCHB0092305261903,CHB009,2023-05-26 19:03:00,training,50.63899902,46.83688965,49.66505615,-3.802109375,-0.973942871,3.802109375,0.973942871,140.2378,35.5871,140.675,35.637,6.2,50,39.91,Kanto Basin
654,acCHB0101908041923,CHB010,2019-08-04 19:23:00,holdout_evaluation,62.17200195,56.39802734,53.07743652,-5.773974609,-9.09456543,5.773974609,9.09456543,140.5637,35.7086,141.63,37.71,6.4,45,241.99,Kanto Basin
655,acCHB0102104180929,CHB010,2021-04-18 09:29:00,training,56.51899902,49.95842773,51.07494873,-6.560571289,-5.444050293,6.560571289,5.444050293,140.5637,35.7086,141.867,38.314,5.8,48,311.95,Kanto Basin
656,acCHB0102105140858,CHB010,2021-05-14 08:58:00,training,42.31700195,42.57732422,43.44869385,0.260322266,1.131691895,0.260322266,1.131691895,140.5637,35.7086,141.765,37.695,6.3,46,245.47,Kanto Basin
657,acCHB0102108040533,CHB010,2021-08-04 05:33:00,training,52.34200195,50.78673828,52.31553223,-1.555263672,-0.026469727,1.555263672,0.026469727,140.5637,35.7086,141.808,36.202,6.0,18,124.71,Kanto Basin
658,acCHB0102403150014,CHB010,2024-03-15 00:14:00,holdout_evaluation,50.63700195,54.4653125,47.09916504,3.828310547,-3.537836914,3.828310547,3.537836914,140.5637,35.7086,141.166,37.069,5.8,50,160.59,Kanto Basin
659,acCHB0112001030324,CHB011,2020-01-03 03:24:00,training,44.49399902,42.51095703,42.30138184,-1.983041992,-2.192617188,1.983041992,2.192617188,140.4971,35.5877,141.118,35.807,5.8,34,61.14,Kanto Basin
660,acCHB0112006250447,CHB011,2020-06-25 04:47:00,training,45.29200195,45.19724609,43.52588623,-0.094755859,-1.766115723,0.094755859,1.766115723,140.4971,35.5877,141.115,35.55,6.1,36,56.04,Kanto Basin
661,acCHB0112305261903,CHB011,2023-05-26 19:03:00,holdout_evaluation,55.255,43.75823242,48.54097656,-11.49676758,-6.714023438,11.49676758,6.714023438,140.4971,35.5877,140.675,35.637,6.2,50,16.99,Kanto Basin
662,acCHB0112403150014,CHB011,2024-03-15 00:14:00,training,41.98,40.17228027,41.34449951,-1.807719727,-0.635500488,1.807719727,0.635500488,140.4971,35.5877,141.166,37.069,5.8,50,175.27,Kanto Basin
663,acCHB0122001030324,CHB012,2020-01-03 03:24:00,training,59.27299805,55.99756836,60.1792627,-3.275429688,0.906264648,3.275429688,0.906264648,140.3436,35.5721,141.118,35.807,5.8,34,74.66,Kanto Basin
664,acCHB0122105140858,CHB012,2021-05-14 08:58:00,training,49.34299805,49.60888184,45.08170898,0.265883789,-4.261289063,0.265883789,4.261289063,140.3436,35.5721,141.765,37.695,6.3,46,267.96,Kanto Basin
665,acCHB0122108040533,CHB012,2021-08-04 05:33:00,training,72.33200195,65.51088867,71.38337402,-6.821113281,-0.94862793,6.821113281,0.94862793,140.3436,35.5721,141.808,36.202,6.0,18,149.36,Kanto Basin
666,acCHB0122403150014,CHB012,2024-03-15 00:14:00,training,70.575,69.78651367,70.15038208,-0.788486328,-0.42461792,0.788486328,0.42461792,140.3436,35.5721,141.166,37.069,5.8,50,182.02,Kanto Basin
667,acCHB0122408091957,CHB012,2024-08-09 19:57:00,training,76.615,74.61726074,77.92204102,-1.997739258,1.307041016,1.997739258,1.307041016,140.3436,35.5721,139.163,35.407,5.3,13,108.45,Kanto Basin
668,acCHB0131908041923,CHB013,2019-08-04 19:23:00,training,72.74100098,67.06960938,72.51701904,-5.671391602,-0.223981934,5.671391602,0.223981934,140.2892,35.4294,141.63,37.71,6.4,45,280.43,Kanto Basin
669,acCHB0132001030324,CHB013,2020-01-03 03:24:00,training,46.30299805,44.30072266,44.31589844,-2.002275391,-1.987099609,2.002275391,1.987099609,140.2892,35.4294,141.118,35.807,5.8,34,85.88,Kanto Basin
670,acCHB0132408091957,CHB013,2024-08-09 19:57:00,training,40.78699951,31.0330127,40.38453125,-9.753986816,-0.402468262,9.753986816,0.402468262,140.2892,35.4294,139.163,35.407,5.3,13,102.08,Kanto Basin
671,acCHB0141908041923,CHB014,2019-08-04 19:23:00,training,101.747998,84.90007813,87.23369873,-16.84791992,-14.51429932,16.84791992,14.51429932,140.0454,35.471,141.63,37.71,6.4,45,286.34,Kanto Basin
672,acCHB0142001030324,CHB014,2020-01-03 03:24:00,training,77.58600098,80.1473877,75.99091797,2.561386719,-1.595083008,2.561386719,1.595083008,140.0454,35.471,141.118,35.807,5.8,34,103.88,Kanto Basin
673,acCHB0142006250447,CHB014,2020-06-25 04:47:00,training,66.26299805,71.88820801,76.39378906,5.625209961,10.13079102,5.625209961,10.13079102,140.0454,35.471,141.115,35.55,6.1,36,97.21,Kanto Basin
674,acCHB0142108040533,CHB014,2021-08-04 05:33:00,training,60.41200195,57.94851563,60.41262695,-2.463486328,0.000625,2.463486328,0.000625,140.0454,35.471,141.808,36.202,6.0,18,178.47,Kanto Basin
675,acCHB0142305261903,CHB014,2023-05-26 19:03:00,training,79.28399902,80.47995117,80.43704346,1.195952148,1.153044434,1.195952148,1.153044434,140.0454,35.471,140.675,35.637,6.2,50,59.87,Kanto Basin
676,acCHB0142510050021,CHB014,2025-10-05 00:21:00,training,75.53700195,71.10577637,75.54765137,-4.431225586,0.010649414,4.431225586,0.010649414,140.0454,35.471,141.588,37.415,6.0,45,256.44,Kanto Basin
677,acCHB0151908041923,CHB015,2019-08-04 19:23:00,training,52.60700195,55.97854492,56.9541333,3.371542969,4.347131348,3.371542969,4.347131348,139.9199,35.3738,141.63,37.71,6.4,45,301.35,Kanto Basin
678,acCHB0152006250447,CHB015,2020-06-25 04:47:00,training,95.28700195,101.1585352,101.882478,5.871533203,6.595476074,5.871533203,6.595476074,139.9199,35.3738,141.115,35.55,6.1,36,110.0,Kanto Basin
679,acCHB0152305261903,CHB015,2023-05-26 19:03:00,holdout_evaluation,97.19099609,87.84197266,96.76154297,-9.349023438,-0.429453125,9.349023438,0.429453125,139.9199,35.3738,140.675,35.637,6.2,50,74.35,Kanto Basin
680,acCHB0172108040533,CHB017,2021-08-04 05:33:00,holdout_evaluation,34.14,37.91218994,38.89831787,3.772189941,4.758317871,3.772189941,4.758317871,140.0734,35.2976,141.808,36.202,6.0,18,186.05,Kanto Basin
681,acCHB0172305261903,CHB017,2023-05-26 19:03:00,holdout_evaluation,64.48299805,68.02749512,63.84745483,3.54449707,-0.635543213,3.54449707,0.635543213,140.0734,35.2976,140.675,35.637,6.2,50,66.28,Kanto Basin
682,acCHB0222011221906,CHB022,2020-11-22 19:06:00,training,34.37,29.99398926,32.84545898,-4.376010742,-1.524541016,4.376010742,1.524541016,139.8555,35.3033,141.103,36.587,5.7,45,181.62,Kanto Basin
683,acCHB0222112121231,CHB022,2021-12-12 12:31:00,training,42.03200195,37.96422607,35.86583252,-4.067775879,-6.166169434,4.067775879,6.166169434,139.8555,35.3033,139.855,36.13,5.0,50,91.92,Kanto Basin
684,acCHB0222205291555,CHB022,2022-05-29 15:55:00,training,36.415,32.99444824,38.91263184,-3.420551758,2.497631836,3.420551758,2.497631836,139.8555,35.3033,140.978,36.244,5.3,44,145.59,Kanto Basin
685,acCHB0222305261903,CHB022,2023-05-26 19:03:00,training,94.82700195,75.55768066,73.75548218,-19.26932129,-21.07151978,19.26932129,21.07151978,139.8555,35.3033,140.675,35.637,6.2,50,82.97,Kanto Basin
686,acCHB0222408091957,CHB022,2024-08-09 19:57:00,training,28.54800049,29.66940674,28.2931897,1.12140625,-0.254810791,1.12140625,0.254810791,139.8555,35.3033,139.163,35.407,5.3,13,63.85,Kanto Basin
687,acCHB0242006250447,CHB024,2020-06-25 04:47:00,training,84.59200195,80.65501953,81.08520752,-3.936982422,-3.506794434,3.936982422,3.506794434,140.0781,35.6337,141.115,35.55,6.1,36,94.22,Kanto Basin
688,acCHB0242108040533,CHB024,2021-08-04 05:33:00,training,46.515,44.55944336,47.41350098,-1.955556641,0.898500977,1.955556641,0.898500977,140.0781,35.6337,141.808,36.202,6.0,18,168.11,Kanto Basin
689,acCHB0242305261903,CHB024,2023-05-26 19:03:00,training,52.79700195,56.78440918,54.03802979,3.987407227,1.241027832,3.987407227,1.241027832,140.0781,35.6337,140.675,35.637,6.2,50,53.94,Kanto Basin
690,acGNM0071908041923,GNM007,2019-08-04 19:23:00,training,40.45,37.09358887,39.19122803,-3.356411133,-1.258771973,3.356411133,1.258771973,139.0093,36.4637,141.63,37.71,6.4,45,270.62,Kanto Basin
691,acGNM0072006250447,GNM007,2020-06-25 04:47:00,training,37.085,31.78448975,37.64203369,-5.300510254,0.557033691,5.300510254,0.557033691,139.0093,36.4637,141.115,35.55,6.1,36,214.93,Kanto Basin
692,acGNM0072011221906,GNM007,2020-11-22 19:06:00,training,56.59899902,50.58213379,47.29490234,-6.016865234,-9.30409668,6.016865234,9.30409668,139.0093,36.4637,141.103,36.587,5.7,45,187.58,Kanto Basin
693,acGNM0072105140858,GNM007,2021-05-14 08:58:00,training,37.56699951,32.35740234,38.27503418,-5.209597168,0.708034668,5.209597168,0.708034668,139.0093,36.4637,141.765,37.695,6.3,46,280.17,Kanto Basin
694,acGNM0072305261903,GNM007,2023-05-26 19:03:00,holdout_evaluation,46.26700195,37.55578857,41.34310059,-8.711213379,-4.923901367,8.711213379,4.923901367,139.0093,36.4637,140.675,35.637,6.2,50,175.71,Kanto Basin
695,acGNM0072403150014,GNM007,2024-03-15 00:14:00,training,37.41600098,30.20921387,33.15652832,-7.206787109,-4.259472656,7.206787109,4.259472656,139.0093,36.4637,141.166,37.069,5.8,50,203.55,Kanto Basin
696,acGNM0081908041923,GNM008,2019-08-04 19:23:00,training,43.74600098,44.2945459,44.16179565,0.548544922,0.415794678,0.548544922,0.415794678,139.1368,36.3479,141.63,37.71,6.4,45,268.17,Kanto Basin
697,acGNM0082001030324,GNM008,2020-01-03 03:24:00,training,36.665,31.69846191,32.59310547,-4.966538086,-4.071894531,4.966538086,4.071894531,139.1368,36.3479,141.118,35.807,5.8,34,187.93,Kanto Basin
698,acGNM0082006250447,GNM008,2020-06-25 04:47:00,holdout_evaluation,32.85399902,29.39379395,30.83306641,-3.460205078,-2.020932617,3.460205078,2.020932617,139.1368,36.3479,141.115,35.55,6.1,36,198.94,Kanto Basin
699,acGNM0082011221906,GNM008,2020-11-22 19:06:00,training,63.57799805,62.80833008,59.53699829,-0.769667969,-4.040999756,0.769667969,4.040999756,139.1368,36.3479,141.103,36.587,5.7,45,177.82,Kanto Basin
700,acGNM0082305261903,GNM008,2023-05-26 19:03:00,training,35.08199951,37.22664551,34.31273071,2.144645996,-0.769268799,2.144645996,0.769268799,139.1368,36.3479,140.675,35.637,6.2,50,159.37,Kanto Basin
701,acGNM0082403150014,GNM008,2024-03-15 00:14:00,training,37.175,36.37282959,38.84833008,-0.80217041,1.673330078,0.80217041,1.673330078,139.1368,36.3479,141.166,37.069,5.8,50,197.86,Kanto Basin
702,acGNM0131908041923,GNM013,2019-08-04 19:23:00,training,28.94300049,28.68167725,28.51734253,-0.261323242,-0.425657959,0.261323242,0.425657959,139.0174,36.3181,141.63,37.71,6.4,45,278.84,Kanto Basin
703,acGNM0132011221906,GNM013,2020-11-22 19:06:00,training,24.21899902,27.86679199,29.70406738,3.647792969,5.485068359,3.647792969,5.485068359,139.0174,36.3181,141.103,36.587,5.7,45,188.91,Kanto Basin
704,acIBR0091908041923,IBR009,2019-08-04 19:23:00,holdout_evaluation,56.395,62.41191895,59.53938477,6.016918945,3.144384766,6.016918945,3.144384766,139.7037,36.185,141.63,37.71,6.4,45,240.94,Kanto Basin
705,acIBR0092001030324,IBR009,2020-01-03 03:24:00,training,50.23600098,50.05591797,51.02522949,-0.180083008,0.789228516,0.180083008,0.789228516,139.7037,36.185,141.118,35.807,5.8,34,134.0,Kanto Basin
706,acIBR0092005042207,IBR009,2020-05-04 22:07:00,training,50.92700195,42.71061523,48.83725098,-8.216386719,-2.089750977,8.216386719,2.089750977,139.7037,36.185,140.613,35.727,5.6,48,96.4,Kanto Basin
707,acIBR0092006250447,IBR009,2020-06-25 04:47:00,training,58.51899902,50.84686523,50.40933472,-7.672133789,-8.109664307,7.672133789,8.109664307,139.7037,36.185,141.115,35.55,6.1,36,145.46,Kanto Basin
708,acIBR0092011221906,IBR009,2020-11-22 19:06:00,training,54.87,50.71788574,50.40561768,-4.152114258,-4.464382324,4.152114258,4.464382324,139.7037,36.185,141.103,36.587,5.7,45,133.0,Kanto Basin
709,acIBR0092104180929,IBR009,2021-04-18 09:29:00,training,33.35,32.00174805,32.63427246,-1.348251953,-0.715727539,1.348251953,0.715727539,139.7037,36.185,141.867,38.314,5.8,48,304.46,Kanto Basin
710,acIBR0092105140858,IBR009,2021-05-14 08:58:00,training,36.15899902,37.6137915,38.06689087,1.45479248,1.907891846,1.45479248,1.907891846,139.7037,36.185,141.765,37.695,6.3,46,248.49,Kanto Basin
711,acIBR0092108040533,IBR009,2021-08-04 05:33:00,training,43.48100098,40.66324707,43.28401855,-2.817753906,-0.196982422,2.817753906,0.196982422,139.7037,36.185,141.808,36.202,6.0,18,188.84,Kanto Basin
712,acIBR0092205291555,IBR009,2022-05-29 15:55:00,holdout_evaluation,48.04799805,39.6509375,37.67860962,-8.397060547,-10.36938843,8.397060547,10.36938843,139.7037,36.185,140.978,36.244,5.3,44,114.51,Kanto Basin
713,acIBR0092305110416,IBR009,2023-05-11 04:16:00,training,56.43,52.85692383,42.75065186,-3.573076172,-13.67934814,3.573076172,13.67934814,139.7037,36.185,140.188,35.167,5.2,40,121.35,Kanto Basin
714,acIBR0092305261903,IBR009,2023-05-26 19:03:00,training,65.88899902,71.03980469,67.15641968,5.150805664,1.267420654,5.150805664,1.267420654,139.7037,36.185,140.675,35.637,6.2,50,106.61,Kanto Basin
715,acIBR0092403150014,IBR009,2024-03-15 00:14:00,training,52.89799805,48.00078613,50.21499512,-4.897211914,-2.68300293,4.897211914,2.68300293,139.7037,36.185,141.166,37.069,5.8,50,163.37,Kanto Basin
716,acIBR0092408091957,IBR009,2024-08-09 19:57:00,training,33.76899902,30.74930176,34.06040527,-3.019697266,0.29140625,3.019697266,0.29140625,139.7037,36.185,139.163,35.407,5.3,13,99.31,Kanto Basin
717,acKNG0011908041923,KNG001,2019-08-04 19:23:00,training,64.08899902,56.87291016,61.19921387,-7.216088867,-2.889785156,7.216088867,2.889785156,139.7061,35.5291,141.63,37.71,6.4,45,297.12,Kanto Basin
718,acKNG0012006250447,KNG001,2020-06-25 04:47:00,holdout_evaluation,66.24299805,50.92462891,48.24855225,-15.31836914,-17.9944458,15.31836914,17.9944458,139.7061,35.5291,141.115,35.55,6.1,36,127.5,Kanto Basin
719,acKNG0012305261903,KNG001,2023-05-26 19:03:00,training,53.035,50.4665918,45.79324219,-2.568408203,-7.241757812,2.568408203,7.241757812,139.7061,35.5291,140.675,35.637,6.2,50,88.44,Kanto Basin
720,acKNG0021908041923,KNG002,2019-08-04 19:23:00,holdout_evaluation,99.55599609,82.21123047,82.20503418,-17.34476562,-17.35096191,17.34476562,17.35096191,139.6334,35.4372,141.63,37.71,6.4,45,309.27,Kanto Basin
721,acKNG0022510050021,KNG002,2025-10-05 00:21:00,training,60.07299805,60.95457031,59.94291748,0.881572266,-0.130080566,0.881572266,0.130080566,139.6334,35.4372,141.588,37.415,6.0,45,280.96,Kanto Basin
722,acSIT0012104180929,SIT001,2021-04-18 09:29:00,training,30.635,30.61867188,29.285896,-0.016328125,-1.349104004,0.016328125,1.349104004,139.1938,36.2431,141.867,38.314,5.8,48,330.07,Kanto Basin
723,acSIT0012403150014,SIT001,2024-03-15 00:14:00,training,31.615,27.75510742,31.97907715,-3.859892578,0.364077148,3.859892578,0.364077148,139.1938,36.2431,141.166,37.069,5.8,50,198.45,Kanto Basin
724,acSIT0022104180929,SIT002,2021-04-18 09:29:00,training,24.88699951,22.44513672,24.35616943,-2.441862793,-0.530830078,2.441862793,0.530830078,139.3888,36.1478,141.867,38.314,5.8,48,325.79,Kanto Basin
725,acSIT0022105140858,SIT002,2021-05-14 08:58:00,training,39.27600098,26.90890869,31.67522705,-12.36709229,-7.600773926,12.36709229,7.600773926,139.3888,36.1478,141.765,37.695,6.3,46,272.41,Kanto Basin
726,acSIT0022205291555,SIT002,2022-05-29 15:55:00,training,32.42100098,29.62753418,33.59527344,-2.793466797,1.174272461,2.793466797,1.174272461,139.3888,36.1478,140.978,36.244,5.3,44,143.01,Kanto Basin
727,acSIT0032005042207,SIT003,2020-05-04 22:07:00,training,51.28100098,64.96849609,60.2904248,13.68749512,9.009423828,13.68749512,9.009423828,139.6969,36.0721,140.613,35.727,5.6,48,91.0,Kanto Basin
728,acSIT0032208181306,SIT003,2022-08-18 13:06:00,training,52.25899902,63.63654297,57.29967529,11.37754395,5.04067627,11.37754395,5.04067627,139.6969,36.0721,141.026,35.6,5.0,20,130.81,Kanto Basin
729,acSIT0032403150014,SIT003,2024-03-15 00:14:00,training,43.60399902,47.79243164,47.59470459,4.188432617,3.990705566,4.188432617,3.990705566,139.6969,36.0721,141.166,37.069,5.8,50,171.75,Kanto Basin
730,acSIT0082005042207,SIT008,2020-05-04 22:07:00,holdout_evaluation,51.95700195,46.91202637,45.50428589,-5.044975586,-6.452716064,5.044975586,6.452716064,139.7456,35.9829,140.613,35.727,5.6,48,83.19,Kanto Basin
731,acSIT0082006250447,SIT008,2020-06-25 04:47:00,training,59.71,59.85885742,60.68532959,0.148857422,0.97532959,0.148857422,0.97532959,139.7456,35.9829,141.115,35.55,6.1,36,132.6,Kanto Basin
732,acSIT0082011221906,SIT008,2020-11-22 19:06:00,holdout_evaluation,50.50700195,66.94413574,56.84395752,16.43713379,6.336955566,16.43713379,6.336955566,139.7456,35.9829,141.103,36.587,5.7,45,138.98,Kanto Basin
733,acSIT0082105140858,SIT008,2021-05-14 08:58:00,training,52.815,47.9480957,52.17383057,-4.866904297,-0.641169434,4.866904297,0.641169434,139.7456,35.9829,141.765,37.695,6.3,46,261.79,Kanto Basin
734,acSIT0082108040533,SIT008,2021-08-04 05:33:00,training,74.10100098,68.458125,74.64582764,-5.642875977,0.54482666,5.642875977,0.54482666,139.7456,35.9829,141.808,36.202,6.0,18,186.9,Kanto Basin
735,acSIT0082305261903,SIT008,2023-05-26 19:03:00,holdout_evaluation,76.575,67.55244629,74.45351563,-9.022553711,-2.121484375,9.022553711,2.121484375,139.7456,35.9829,140.675,35.637,6.2,50,92.21,Kanto Basin
736,acSIT0082403020149,SIT008,2024-03-02 01:49:00,training,41.99299805,38.05928711,42.79904297,-3.933710938,0.806044922,3.933710938,0.806044922,139.7456,35.9829,140.35,35.312,5.0,26,92.45,Kanto Basin
737,acSIT0082403150014,SIT008,2024-03-15 00:14:00,training,66.28600098,66.87370117,63.43272217,0.587700195,-2.853278809,0.587700195,2.853278809,139.7456,35.9829,141.166,37.069,5.8,50,175.19,Kanto Basin
738,acSIT0091905251520,SIT009,2019-05-25 15:20:00,training,35.13100098,23.99253174,32.82023193,-11.13846924,-2.310769043,11.13846924,2.310769043,139.4826,35.9033,140.293,35.354,5.1,38,95.37,Kanto Basin
739,acSIT0091908041923,SIT009,2019-08-04 19:23:00,training,43.68100098,41.85301758,41.35797119,-1.827983398,-2.323029785,1.827983398,2.323029785,139.4826,35.9033,141.63,37.71,6.4,45,277.31,Kanto Basin
740,acSIT0092006250447,SIT009,2020-06-25 04:47:00,training,33.40600098,33.95560059,32.97677734,0.549599609,-0.429223633,0.549599609,0.429223633,139.4826,35.9033,141.115,35.55,6.1,36,152.5,Kanto Basin
741,acSIT0092011221906,SIT009,2020-11-22 19:06:00,training,37.105,39.32323975,36.90957764,2.218239746,-0.195422363,2.218239746,0.195422363,139.4826,35.9033,141.103,36.587,5.7,45,164.0,Kanto Basin
742,acSIT0092403150014,SIT009,2024-03-15 00:14:00,holdout_evaluation,40.12600098,34.03609375,38.21378906,-6.089907227,-1.912211914,6.089907227,1.912211914,139.4826,35.9033,141.166,37.069,5.8,50,198.62,Kanto Basin
743,acSIT0092408091957,SIT009,2024-08-09 19:57:00,training,33.37699951,33.30068359,32.47168701,-0.076315918,-0.9053125,0.076315918,0.9053125,139.4826,35.9033,139.163,35.407,5.3,13,62.28,Kanto Basin
744,acSIT0092510050021,SIT009,2025-10-05 00:21:00,holdout_evaluation,39.43199951,32.41713135,41.46026855,-7.014868164,2.028269043,7.014868164,2.028269043,139.4826,35.9033,141.588,37.415,6.0,45,252.03,Kanto Basin
745,acSIT0102005042207,SIT010,2020-05-04 22:07:00,training,43.43299805,45.77561523,43.82665283,2.342617188,0.393654785,2.342617188,0.393654785,139.6478,35.9071,140.613,35.727,5.6,48,89.3,Kanto Basin
746,acSIT0102006250447,SIT010,2020-06-25 04:47:00,training,68.13799805,62.09429688,68.49179199,-6.043701172,0.353793945,6.043701172,0.353793945,139.6478,35.9071,141.115,35.55,6.1,36,138.26,Kanto Basin
747,acSIT0102305261903,SIT010,2023-05-26 19:03:00,holdout_evaluation,56.00100098,62.43066895,56.02988647,6.429667969,0.028885498,6.429667969,0.028885498,139.6478,35.9071,140.675,35.637,6.2,50,97.42,Kanto Basin
748,acSIT0102403150014,SIT010,2024-03-15 00:14:00,holdout_evaluation,47.89600098,53.1653125,47.72194092,5.269311523,-0.174060059,5.269311523,0.174060059,139.6478,35.9071,141.166,37.069,5.8,50,187.38,Kanto Basin
749,acSIT0102510050021,SIT010,2025-10-05 00:21:00,training,53.66299805,59.18182129,53.8101416,5.518823242,0.147143555,5.518823242,0.147143555,139.6478,35.9071,141.588,37.415,6.0,45,240.95,Kanto Basin
750,acSIT0112001030324,SIT011,2020-01-03 03:24:00,training,24.68699951,25.43871582,24.80213257,0.751716309,0.115133057,0.751716309,0.115133057,139.7214,35.8098,141.118,35.807,5.8,34,125.94,Kanto Basin
751,acSIT0112006250447,SIT011,2020-06-25 04:47:00,training,60.115,54.56991211,56.79188965,-5.545087891,-3.323110352,5.545087891,3.323110352,139.7214,35.8098,141.115,35.55,6.1,36,129.14,Kanto Basin
752,acSIT0131908041923,SIT013,2019-08-04 19:23:00,training,50.05799805,48.69130859,48.54050293,-1.366689453,-1.517495117,1.366689453,1.517495117,139.4659,35.7966,141.63,37.71,6.4,45,287.1,Kanto Basin
753,acSIT0132011221906,SIT013,2020-11-22 19:06:00,training,37.29300049,37.69113281,37.24484619,0.398132324,-0.048154297,0.398132324,0.048154297,139.4659,35.7966,141.103,36.587,5.7,45,171.19,Kanto Basin
754,acTKY0042006250447,TKY004,2020-06-25 04:47:00,holdout_evaluation,49.98100098,46.07530762,48.40496582,-3.905693359,-1.576035156,3.905693359,1.576035156,139.4034,35.6301,141.115,35.55,6.1,36,155.02,Kanto Basin
755,acTKY0042011221906,TKY004,2020-11-22 19:06:00,training,41.97100098,36.32599121,35.02578979,-5.645009766,-6.945211182,5.645009766,6.945211182,139.4034,35.6301,141.103,36.587,5.7,45,186.1,Kanto Basin
756,acTKY0042104180929,TKY004,2021-04-18 09:29:00,training,21.29399902,19.4506543,19.45115479,-1.843344727,-1.842844238,1.843344727,1.842844238,139.4034,35.6301,141.867,38.314,5.8,48,370.05,Kanto Basin
757,acTKY0042510050021,TKY004,2025-10-05 00:21:00,holdout_evaluation,25.97300049,34.84645508,32.55147339,8.87345459,6.5784729,8.87345459,6.5784729,139.4034,35.6301,141.588,37.415,6.0,45,278.37,Kanto Basin
758,acTKY0052006250447,TKY005,2020-06-25 04:47:00,training,54.88100098,51.91052734,56.27236084,-2.970473633,1.391359863,2.970473633,1.391359863,139.4137,35.5798,141.115,35.55,6.1,36,153.92,Kanto Basin
759,acTKY0052011221906,TKY005,2020-11-22 19:06:00,holdout_evaluation,41.40100098,30.22934082,36.41962402,-11.17166016,-4.981376953,11.17166016,4.981376953,139.4137,35.5798,141.103,36.587,5.7,45,188.64,Kanto Basin
760,acTKY0052104180929,TKY005,2021-04-18 09:29:00,training,32.08800049,29.48097412,31.10155029,-2.607026367,-0.986450195,2.607026367,0.986450195,139.4137,35.5798,141.867,38.314,5.8,48,374.08,Kanto Basin
761,acTKY0061908041923,TKY006,2019-08-04 19:23:00,training,59.81,58.06121582,59.89811035,-1.74878418,0.088110352,1.74878418,0.088110352,139.5028,35.6989,141.63,37.71,6.4,45,293.19,Kanto Basin
762,acTKY0062006250447,TKY006,2020-06-25 04:47:00,holdout_evaluation,60.00299805,37.35182129,36.06653564,-22.65117676,-23.9364624,22.65117676,23.9364624,139.5028,35.6989,141.115,35.55,6.1,36,146.65,Kanto Basin
763,acTKY0062011221906,TKY006,2020-11-22 19:06:00,training,35.50199951,32.03806885,31.05918335,-3.463930664,-4.442816162,3.463930664,4.442816162,139.5028,35.6989,141.103,36.587,5.7,45,174.35,Kanto Basin
764,acTKY0062105140858,TKY006,2021-05-14 08:58:00,training,35.13399902,35.16135742,37.64944824,0.027358398,2.515449219,0.027358398,2.515449219,139.5028,35.6989,141.765,37.695,6.3,46,299.88,Kanto Basin
765,acTKY0062403020149,TKY006,2024-03-02 01:49:00,training,33.705,30.84694824,31.87770508,-2.858051758,-1.827294922,2.858051758,1.827294922,139.5028,35.6989,140.35,35.312,5.0,26,87.93,Kanto Basin
766,acTKY0071908041923,TKY007,2019-08-04 19:23:00,training,40.48100098,43.52621094,42.50917725,3.045209961,2.02817627,3.045209961,2.02817627,139.6864,35.7111,141.63,37.71,6.4,45,281.8,Kanto Basin
767,acTKY0072104180929,TKY007,2021-04-18 09:29:00,training,41.49799805,38.81026367,40.53473633,-2.687734375,-0.963261719,2.687734375,0.963261719,139.6864,35.7111,141.867,38.314,5.8,48,348.19,Kanto Basin
768,acTKY0072408091957,TKY007,2024-08-09 19:57:00,training,47.56200195,47.66030762,48.21380127,0.098305664,0.651799316,0.098305664,0.651799316,139.6864,35.7111,139.163,35.407,5.3,13,58.18,Kanto Basin
769,acTKY0072510050021,TKY007,2025-10-05 00:21:00,training,35.955,31.62130371,36.54387695,-4.333696289,0.588876953,4.333696289,0.588876953,139.6864,35.7111,141.588,37.415,6.0,45,254.43,Kanto Basin
